I_BS_01-001.jpg,I_BS_01-GT_001.txt
I_BS_01-002.jpg,I_BS_01-GT_002.txt
I_BS_01-003.jpg,I_BS_01-GT_003.txt
I_BS_01-004.jpg,I_BS_01-GT_004.txt
I_BS_01-005.jpg,I_BS_01-GT_005.txt
I_BS_01-006.jpg,I_BS_01-GT_006.txt
I_BS_01-007.jpg,I_BS_01-GT_007.txt
I_BS_01-035.jpg,I_BS_01-GT_035.txt
I_BS_01-036.jpg,I_BS_01-GT_036.txt
I_BS_01-037.jpg,I_BS_01-GT_037.txt
I_BS_01-038.jpg,I_BS_01-GT_038.txt
I_BS_01-039.jpg,I_BS_01-GT_039.txt
I_BS_01-040.jpg,I_BS_01-GT_040.txt
I_BS_01-042.jpg,I_BS_01-GT_042.txt
I_BS_01-043.jpg,I_BS_01-GT_043.txt
I_BS_01-045.jpg,I_BS_01-GT_045.txt
I_BS_01-046.jpg,I_BS_01-GT_046.txt
I_BS_01-047.jpg,I_BS_01-GT_047.txt
I_BS_01-048.jpg,I_BS_01-GT_048.txt
I_BS_01-049.jpg,I_BS_01-GT_049.txt
I_BS_01-050.jpg,I_BS_01-GT_050.txt
I_BS_01-051.jpg,I_BS_01-GT_051.txt
I_BS_01-052.jpg,I_BS_01-GT_052.txt
I_BS_01-054.jpg,I_BS_01-GT_054.txt
I_BS_01-055.jpg,I_BS_01-GT_055.txt
I_BS_01-057.jpg,I_BS_01-GT_057.txt
I_BS_01-058.jpg,I_BS_01-GT_058.txt
I_BS_01-059.jpg,I_BS_01-GT_059.txt
I_BS_01-060.jpg,I_BS_01-GT_060.txt
I_BS_01-061.jpg,I_BS_01-GT_061.txt
I_BS_01-062.jpg,I_BS_01-GT_062.txt
I_BS_01-063.jpg,I_BS_01-GT_063.txt
I_BS_01-064.jpg,I_BS_01-GT_064.txt
I_BS_01-065.jpg,I_BS_01-GT_065.txt
I_BS_01-066.jpg,I_BS_01-GT_066.txt
I_BS_01-067.jpg,I_BS_01-GT_067.txt
I_BS_01-068.jpg,I_BS_01-GT_068.txt
I_BS_01-069.jpg,I_BS_01-GT_069.txt
I_BS_01-070.jpg,I_BS_01-GT_070.txt
I_BS_01-071.jpg,I_BS_01-GT_071.txt
I_BS_01-072.jpg,I_BS_01-GT_072.txt
I_BS_01-074.jpg,I_BS_01-GT_074.txt
I_BS_01-075.jpg,I_BS_01-GT_075.txt
I_BS_01-078.jpg,I_BS_01-GT_078.txt
I_BS_01-079.jpg,I_BS_01-GT_079.txt
I_BS_01-080.jpg,I_BS_01-GT_080.txt
I_BS_01-083.jpg,I_BS_01-GT_083.txt
I_BS_01-084.jpg,I_BS_01-GT_084.txt
I_BS_01-085.jpg,I_BS_01-GT_085.txt
I_BS_01-086.jpg,I_BS_01-GT_086.txt
I_BS_01-087.jpg,I_BS_01-GT_087.txt
I_BS_01-089.jpg,I_BS_01-GT_089.txt
I_BS_01-091.jpg,I_BS_01-GT_091.txt
I_BS_01-092.jpg,I_BS_01-GT_092.txt
I_BS_01-095.jpg,I_BS_01-GT_095.txt
I_BS_01-097.jpg,I_BS_01-GT_097.txt
I_BS_01-098.jpg,I_BS_01-GT_098.txt
I_BS_01-099.jpg,I_BS_01-GT_099.txt
I_BS_01-100.jpg,I_BS_01-GT_100.txt
I_BS_01-101.jpg,I_BS_01-GT_101.txt
I_BS_01-102.jpg,I_BS_01-GT_102.txt
I_BS_01-103.jpg,I_BS_01-GT_103.txt
I_BS_01-104.jpg,I_BS_01-GT_104.txt
I_BS_01-106.jpg,I_BS_01-GT_106.txt
I_BS_01-107.jpg,I_BS_01-GT_107.txt
I_BS_01-109.jpg,I_BS_01-GT_109.txt
I_BS_01-111.jpg,I_BS_01-GT_111.txt
I_BS_01-112.jpg,I_BS_01-GT_112.txt
I_BS_01-113.jpg,I_BS_01-GT_113.txt
I_BS_01-115.jpg,I_BS_01-GT_115.txt
I_BS_01-116.jpg,I_BS_01-GT_116.txt
I_BS_01-117.jpg,I_BS_01-GT_117.txt
I_BS_01-120.jpg,I_BS_01-GT_120.txt
I_BS_01-121.jpg,I_BS_01-GT_121.txt
I_BS_01-122.jpg,I_BS_01-GT_122.txt
I_BS_01-123.jpg,I_BS_01-GT_123.txt
I_BS_01-124.jpg,I_BS_01-GT_124.txt
I_BS_01-125.jpg,I_BS_01-GT_125.txt
I_BS_01-126.jpg,I_BS_01-GT_126.txt
I_BS_01-127.jpg,I_BS_01-GT_127.txt
I_BS_01-128.jpg,I_BS_01-GT_128.txt
I_BS_01-129.jpg,I_BS_01-GT_129.txt
I_BS_01-130.jpg,I_BS_01-GT_130.txt
I_BS_01-131.jpg,I_BS_01-GT_131.txt
I_BS_01-132.jpg,I_BS_01-GT_132.txt
I_BS_01-133.jpg,I_BS_01-GT_133.txt
I_BS_01-134.jpg,I_BS_01-GT_134.txt
I_BS_01-136.jpg,I_BS_01-GT_136.txt
I_BS_01-137.jpg,I_BS_01-GT_137.txt
I_BS_01-138.jpg,I_BS_01-GT_138.txt
I_BS_01-139.jpg,I_BS_01-GT_139.txt
I_BS_01-140.jpg,I_BS_01-GT_140.txt
I_BS_01-141.jpg,I_BS_01-GT_141.txt
I_BS_01-142.jpg,I_BS_01-GT_142.txt
I_BS_01-143.jpg,I_BS_01-GT_143.txt
I_BS_01-144.jpg,I_BS_01-GT_144.txt
I_BS_01-145.jpg,I_BS_01-GT_145.txt
I_BS_01-146.jpg,I_BS_01-GT_146.txt
I_BS_01-147.jpg,I_BS_01-GT_147.txt
I_BS_01-148.jpg,I_BS_01-GT_148.txt
I_BS_01-149.jpg,I_BS_01-GT_149.txt
I_BS_01-150.jpg,I_BS_01-GT_150.txt
I_BS_01-151.jpg,I_BS_01-GT_151.txt
I_BS_01-152.jpg,I_BS_01-GT_152.txt
I_BS_01-153.jpg,I_BS_01-GT_153.txt
I_BS_01-154.jpg,I_BS_01-GT_154.txt
I_BS_01-155.jpg,I_BS_01-GT_155.txt
I_BS_01-156.jpg,I_BS_01-GT_156.txt
I_BS_01-157.jpg,I_BS_01-GT_157.txt
I_BS_01-158.jpg,I_BS_01-GT_158.txt
I_BS_01-160.jpg,I_BS_01-GT_160.txt
I_BS_01-161.jpg,I_BS_01-GT_161.txt
I_BS_01-162.jpg,I_BS_01-GT_162.txt
I_BS_01-163.jpg,I_BS_01-GT_163.txt
I_BS_01-164.jpg,I_BS_01-GT_164.txt
I_BS_01-165.jpg,I_BS_01-GT_165.txt
I_BS_01-166.jpg,I_BS_01-GT_166.txt
I_BS_01-168.jpg,I_BS_01-GT_168.txt
I_BS_01-169.jpg,I_BS_01-GT_169.txt
I_BS_01-170.jpg,I_BS_01-GT_170.txt
I_BS_01-171.jpg,I_BS_01-GT_171.txt
I_BS_02-001.jpg,I_BS_02-GT_001.txt
I_BS_02-003.jpg,I_BS_02-GT_003.txt
I_BS_02-004.jpg,I_BS_02-GT_004.txt
I_BS_02-005.jpg,I_BS_02-GT_005.txt
I_BS_02-006.jpg,I_BS_02-GT_006.txt
I_BS_02-007.jpg,I_BS_02-GT_007.txt
I_BS_02-010.jpg,I_BS_02-GT_010.txt
I_BS_02-011.jpg,I_BS_02-GT_011.txt
I_BS_02-013.jpg,I_BS_02-GT_013.txt
I_BS_02-014.jpg,I_BS_02-GT_014.txt
I_BS_02-015.jpg,I_BS_02-GT_015.txt
I_BS_02-016.jpg,I_BS_02-GT_016.txt
I_BS_02-017.jpg,I_BS_02-GT_017.txt
I_BS_02-018.jpg,I_BS_02-GT_018.txt
I_BS_02-019.jpg,I_BS_02-GT_019.txt
I_BS_02-020.jpg,I_BS_02-GT_020.txt
I_BS_02-021.jpg,I_BS_02-GT_021.txt
I_BS_02-022.jpg,I_BS_02-GT_022.txt
I_BS_02-023.jpg,I_BS_02-GT_023.txt
I_BS_02-024.jpg,I_BS_02-GT_024.txt
I_BS_02-025.jpg,I_BS_02-GT_025.txt
I_BS_02-026.jpg,I_BS_02-GT_026.txt
I_BS_02-031.jpg,I_BS_02-GT_031.txt
I_BS_02-032.jpg,I_BS_02-GT_032.txt
I_BS_02-033.jpg,I_BS_02-GT_033.txt
I_BS_02-035.jpg,I_BS_02-GT_035.txt
I_BS_02-036.jpg,I_BS_02-GT_036.txt
I_BS_02-037.jpg,I_BS_02-GT_037.txt
I_BS_02-038.jpg,I_BS_02-GT_038.txt
I_BS_02-039.jpg,I_BS_02-GT_039.txt
I_BS_02-043.jpg,I_BS_02-GT_043.txt
I_BS_02-044.jpg,I_BS_02-GT_044.txt
I_BS_02-045.jpg,I_BS_02-GT_045.txt
I_BS_02-047.jpg,I_BS_02-GT_047.txt
I_BS_02-048.jpg,I_BS_02-GT_048.txt
I_BS_02-049.jpg,I_BS_02-GT_049.txt
I_BS_02-050.jpg,I_BS_02-GT_050.txt
I_BS_02-051.jpg,I_BS_02-GT_051.txt
I_BS_02-052.jpg,I_BS_02-GT_052.txt
I_BS_02-053.jpg,I_BS_02-GT_053.txt
I_BS_02-055.jpg,I_BS_02-GT_055.txt
I_BS_02-056.jpg,I_BS_02-GT_056.txt
I_BS_02-057.jpg,I_BS_02-GT_057.txt
I_BS_02-058.jpg,I_BS_02-GT_058.txt
I_BS_02-059.jpg,I_BS_02-GT_059.txt
I_BS_02-060.jpg,I_BS_02-GT_060.txt
I_BS_02-062.jpg,I_BS_02-GT_062.txt
I_BS_02-063.jpg,I_BS_02-GT_063.txt
I_BS_02-064.jpg,I_BS_02-GT_064.txt
I_BS_02-065.jpg,I_BS_02-GT_065.txt
I_BS_02-066.jpg,I_BS_02-GT_066.txt
I_BS_02-067.jpg,I_BS_02-GT_067.txt
I_BS_02-069.jpg,I_BS_02-GT_069.txt
I_BS_02-070.jpg,I_BS_02-GT_070.txt
I_BS_02-072.jpg,I_BS_02-GT_072.txt
I_BS_02-073.jpg,I_BS_02-GT_073.txt
I_BS_02-075.jpg,I_BS_02-GT_075.txt
I_BS_02-076.jpg,I_BS_02-GT_076.txt
I_BS_02-077.jpg,I_BS_02-GT_077.txt
I_BS_02-078.jpg,I_BS_02-GT_078.txt
I_BS_02-079.jpg,I_BS_02-GT_079.txt
I_BS_02-080.jpg,I_BS_02-GT_080.txt
I_BS_02-081.jpg,I_BS_02-GT_081.txt
I_BS_02-082.jpg,I_BS_02-GT_082.txt
I_BS_02-083.jpg,I_BS_02-GT_083.txt
I_BS_02-084.jpg,I_BS_02-GT_084.txt
I_BS_02-085.jpg,I_BS_02-GT_085.txt
I_BS_02-087.jpg,I_BS_02-GT_087.txt
I_BS_02-088.jpg,I_BS_02-GT_088.txt
I_BS_02-089.jpg,I_BS_02-GT_089.txt
I_BS_02-090.jpg,I_BS_02-GT_090.txt
I_BS_02-092.jpg,I_BS_02-GT_092.txt
I_BS_02-093.jpg,I_BS_02-GT_093.txt
I_BS_02-094.jpg,I_BS_02-GT_094.txt
I_BS_02-095.jpg,I_BS_02-GT_095.txt
I_BS_02-096.jpg,I_BS_02-GT_096.txt
I_BS_02-097.jpg,I_BS_02-GT_097.txt
I_BS_02-098.jpg,I_BS_02-GT_098.txt
I_BS_02-099.jpg,I_BS_02-GT_099.txt
I_BS_02-101.jpg,I_BS_02-GT_101.txt
I_BS_02-103.jpg,I_BS_02-GT_103.txt
I_BS_02-104.jpg,I_BS_02-GT_104.txt
I_BS_02-105.jpg,I_BS_02-GT_105.txt
I_BS_02-106.jpg,I_BS_02-GT_106.txt
I_BS_02-107.jpg,I_BS_02-GT_107.txt
I_BS_02-108.jpg,I_BS_02-GT_108.txt
I_BS_02-109.jpg,I_BS_02-GT_109.txt
I_BS_02-110.jpg,I_BS_02-GT_110.txt
I_BS_02-111.jpg,I_BS_02-GT_111.txt
I_BS_02-112.jpg,I_BS_02-GT_112.txt
I_BS_02-113.jpg,I_BS_02-GT_113.txt
I_BS_02-114.jpg,I_BS_02-GT_114.txt
I_BS_02-115.jpg,I_BS_02-GT_115.txt
I_BS_02-116.jpg,I_BS_02-GT_116.txt
I_BS_02-117.jpg,I_BS_02-GT_117.txt
I_BS_02-119.jpg,I_BS_02-GT_119.txt
I_BS_02-120.jpg,I_BS_02-GT_120.txt
I_BS_02-121.jpg,I_BS_02-GT_121.txt
I_BS_02-122.jpg,I_BS_02-GT_122.txt
I_BS_02-123.jpg,I_BS_02-GT_123.txt
I_BS_02-124.jpg,I_BS_02-GT_124.txt
I_BS_02-125.jpg,I_BS_02-GT_125.txt
I_BS_02-126.jpg,I_BS_02-GT_126.txt
I_BS_02-127.jpg,I_BS_02-GT_127.txt
I_BS_02-128.jpg,I_BS_02-GT_128.txt
I_BS_02-129.jpg,I_BS_02-GT_129.txt
I_BS_02-130.jpg,I_BS_02-GT_130.txt
I_BS_02-131.jpg,I_BS_02-GT_131.txt
I_BS_02-132.jpg,I_BS_02-GT_132.txt
I_BS_02-133.jpg,I_BS_02-GT_133.txt
I_BS_02-134.jpg,I_BS_02-GT_134.txt
I_BS_02-135.jpg,I_BS_02-GT_135.txt
I_BS_02-136.jpg,I_BS_02-GT_136.txt
I_BS_02-137.jpg,I_BS_02-GT_137.txt
I_BS_02-139.jpg,I_BS_02-GT_139.txt
I_BS_02-140.jpg,I_BS_02-GT_140.txt
I_BS_02-141.jpg,I_BS_02-GT_141.txt
I_BS_02-142.jpg,I_BS_02-GT_142.txt
I_BS_02-143.jpg,I_BS_02-GT_143.txt
I_BS_02-144.jpg,I_BS_02-GT_144.txt
I_BS_02-146.jpg,I_BS_02-GT_146.txt
I_BS_02-147.jpg,I_BS_02-GT_147.txt
I_BS_02-148.jpg,I_BS_02-GT_148.txt
I_BS_02-151.jpg,I_BS_02-GT_151.txt
I_BS_02-152.jpg,I_BS_02-GT_152.txt
I_BS_02-153.jpg,I_BS_02-GT_153.txt
I_BS_02-154.jpg,I_BS_02-GT_154.txt
I_BS_02-155.jpg,I_BS_02-GT_155.txt
I_IL_01-104.jpg,I_IL_01-GT_104.txt
I_IL_01-105.jpg,I_IL_01-GT_105.txt
I_IL_01-106.jpg,I_IL_01-GT_106.txt
I_IL_01-107.jpg,I_IL_01-GT_107.txt
I_IL_01-108.jpg,I_IL_01-GT_108.txt
I_IL_01-109.jpg,I_IL_01-GT_109.txt
I_IL_01-111.jpg,I_IL_01-GT_111.txt
I_IL_01-112.jpg,I_IL_01-GT_112.txt
I_IL_01-114.jpg,I_IL_01-GT_114.txt
I_IL_01-115.jpg,I_IL_01-GT_115.txt
I_IL_01-116.jpg,I_IL_01-GT_116.txt
I_IL_01-117.jpg,I_IL_01-GT_117.txt
I_IL_01-134.jpg,I_IL_01-GT_134.txt
I_IL_01-135.jpg,I_IL_01-GT_135.txt
I_IL_01-136.jpg,I_IL_01-GT_136.txt
I_IL_01-137.jpg,I_IL_01-GT_137.txt
I_IL_01-138.jpg,I_IL_01-GT_138.txt
I_IL_01-139.jpg,I_IL_01-GT_139.txt
I_IL_01-140.jpg,I_IL_01-GT_140.txt
I_IL_01-142.jpg,I_IL_01-GT_142.txt
I_IL_01-143.jpg,I_IL_01-GT_143.txt
I_IL_01-144.jpg,I_IL_01-GT_144.txt
I_IL_01-145.jpg,I_IL_01-GT_145.txt
I_IL_01-146.jpg,I_IL_01-GT_146.txt
I_IL_01-147.jpg,I_IL_01-GT_147.txt
I_IL_01-148.jpg,I_IL_01-GT_148.txt
I_IL_01-149.jpg,I_IL_01-GT_149.txt
I_IL_01-150.jpg,I_IL_01-GT_150.txt
I_IL_01-151.jpg,I_IL_01-GT_151.txt
I_IL_01-152.jpg,I_IL_01-GT_152.txt
I_IL_01-153.jpg,I_IL_01-GT_153.txt
I_IL_01-154.jpg,I_IL_01-GT_154.txt
I_IL_01-155.jpg,I_IL_01-GT_155.txt
I_IL_01-156.jpg,I_IL_01-GT_156.txt
I_IL_01-157.jpg,I_IL_01-GT_157.txt
I_IL_01-158.jpg,I_IL_01-GT_158.txt
I_IL_01-159.jpg,I_IL_01-GT_159.txt
I_IL_01-160.jpg,I_IL_01-GT_160.txt
I_IL_01-161.jpg,I_IL_01-GT_161.txt
I_IL_01-164.jpg,I_IL_01-GT_164.txt
I_IL_01-166.jpg,I_IL_01-GT_166.txt
I_IL_01-167.jpg,I_IL_01-GT_167.txt
I_IL_01-168.jpg,I_IL_01-GT_168.txt
I_IL_01-169.jpg,I_IL_01-GT_169.txt
I_IL_01-170.jpg,I_IL_01-GT_170.txt
I_IL_01-173.jpg,I_IL_01-GT_173.txt
I_IL_01-174.jpg,I_IL_01-GT_174.txt
I_IL_01-175.jpg,I_IL_01-GT_175.txt
I_IL_01-176.jpg,I_IL_01-GT_176.txt
I_IL_01-177.jpg,I_IL_01-GT_177.txt
I_IL_01-178.jpg,I_IL_01-GT_178.txt
I_IL_01-179.jpg,I_IL_01-GT_179.txt
I_IL_01-181.jpg,I_IL_01-GT_181.txt
I_IL_01-182.jpg,I_IL_01-GT_182.txt
I_IL_01-184.jpg,I_IL_01-GT_184.txt
I_IL_01-186.jpg,I_IL_01-GT_186.txt
I_IL_01-187.jpg,I_IL_01-GT_187.txt
I_IL_01-188.jpg,I_IL_01-GT_188.txt
I_IL_02-076.jpg,I_IL_02-GT_076.txt
I_IL_02-079.jpg,I_IL_02-GT_079.txt
I_IL_02-080.jpg,I_IL_02-GT_080.txt
I_IL_02-082.jpg,I_IL_02-GT_082.txt
I_IL_02-083.jpg,I_IL_02-GT_083.txt
I_IL_02-084.jpg,I_IL_02-GT_084.txt
I_IL_02-085.jpg,I_IL_02-GT_085.txt
I_IL_02-086.jpg,I_IL_02-GT_086.txt
I_IL_02-087.jpg,I_IL_02-GT_087.txt
I_IL_02-088.jpg,I_IL_02-GT_088.txt
I_IL_02-089.jpg,I_IL_02-GT_089.txt
I_IL_02-090.jpg,I_IL_02-GT_090.txt
I_IL_02-091.jpg,I_IL_02-GT_091.txt
I_IL_02-092.jpg,I_IL_02-GT_092.txt
I_IL_02-094.jpg,I_IL_02-GT_094.txt
I_IL_02-095.jpg,I_IL_02-GT_095.txt
I_IL_02-096.jpg,I_IL_02-GT_096.txt
I_IL_02-097.jpg,I_IL_02-GT_097.txt
I_IL_02-098.jpg,I_IL_02-GT_098.txt
I_IL_02-099.jpg,I_IL_02-GT_099.txt
I_IL_02-100.jpg,I_IL_02-GT_100.txt
I_IL_02-102.jpg,I_IL_02-GT_102.txt
I_IL_02-103.jpg,I_IL_02-GT_103.txt
I_IL_02-104.jpg,I_IL_02-GT_104.txt
I_IL_02-106.jpg,I_IL_02-GT_106.txt
I_IL_02-108.jpg,I_IL_02-GT_108.txt
I_IL_02-109.jpg,I_IL_02-GT_109.txt
I_IL_02-111.jpg,I_IL_02-GT_111.txt
I_IL_02-112.jpg,I_IL_02-GT_112.txt
I_IL_02-114.jpg,I_IL_02-GT_114.txt
I_IL_02-116.jpg,I_IL_02-GT_116.txt
I_IL_02-117.jpg,I_IL_02-GT_117.txt
I_IL_02-118.jpg,I_IL_02-GT_118.txt
I_IL_02-119.jpg,I_IL_02-GT_119.txt
I_IL_02-120.jpg,I_IL_02-GT_120.txt
I_IL_02-121.jpg,I_IL_02-GT_121.txt
I_IL_02-122.jpg,I_IL_02-GT_122.txt
I_IL_02-123.jpg,I_IL_02-GT_123.txt
I_IL_02-124.jpg,I_IL_02-GT_124.txt
I_IL_02-125.jpg,I_IL_02-GT_125.txt
I_IL_02-126.jpg,I_IL_02-GT_126.txt
I_IL_02-127.jpg,I_IL_02-GT_127.txt
I_IL_02-128.jpg,I_IL_02-GT_128.txt
I_IL_02-129.jpg,I_IL_02-GT_129.txt
I_IL_02-130.jpg,I_IL_02-GT_130.txt
I_IL_02-131.jpg,I_IL_02-GT_131.txt
I_IL_02-132.jpg,I_IL_02-GT_132.txt
I_IL_02-133.jpg,I_IL_02-GT_133.txt
I_IL_02-134.jpg,I_IL_02-GT_134.txt
I_IL_02-135.jpg,I_IL_02-GT_135.txt
I_IL_02-136.jpg,I_IL_02-GT_136.txt
I_IL_02-138.jpg,I_IL_02-GT_138.txt
I_IL_02-140.jpg,I_IL_02-GT_140.txt
I_IL_02-141.jpg,I_IL_02-GT_141.txt
I_IL_02-142.jpg,I_IL_02-GT_142.txt
I_IL_02-143.jpg,I_IL_02-GT_143.txt
I_IL_02-144.jpg,I_IL_02-GT_144.txt
I_IL_02-145.jpg,I_IL_02-GT_145.txt
I_IL_02-146.jpg,I_IL_02-GT_146.txt
I_IL_02-147.jpg,I_IL_02-GT_147.txt
I_IL_02-148.jpg,I_IL_02-GT_148.txt
I_IL_02-149.jpg,I_IL_02-GT_149.txt
I_IL_02-150.jpg,I_IL_02-GT_150.txt
I_IL_02-151.jpg,I_IL_02-GT_151.txt
I_IL_02-152.jpg,I_IL_02-GT_152.txt
I_IL_02-153.jpg,I_IL_02-GT_153.txt
I_IL_02-154.jpg,I_IL_02-GT_154.txt
I_IL_02-156.jpg,I_IL_02-GT_156.txt
I_IL_02-157.jpg,I_IL_02-GT_157.txt
I_IL_02-158.jpg,I_IL_02-GT_158.txt
I_IL_02-159.jpg,I_IL_02-GT_159.txt
I_IL_02-160.jpg,I_IL_02-GT_160.txt
I_IL_02-162.jpg,I_IL_02-GT_162.txt
I_IL_02-163.jpg,I_IL_02-GT_163.txt
I_IL_02-165.jpg,I_IL_02-GT_165.txt
I_IL_02-166.jpg,I_IL_02-GT_166.txt
I_IL_02-169.jpg,I_IL_02-GT_169.txt
I_IL_02-170.jpg,I_IL_02-GT_170.txt
I_IL_02-171.jpg,I_IL_02-GT_171.txt
I_IL_02-172.jpg,I_IL_02-GT_172.txt
I_IL_02-173.jpg,I_IL_02-GT_173.txt
I_IL_02-174.jpg,I_IL_02-GT_174.txt
I_IL_02-175.jpg,I_IL_02-GT_175.txt
I_IL_02-176.jpg,I_IL_02-GT_176.txt
I_IL_02-177.jpg,I_IL_02-GT_177.txt
I_IL_02-178.jpg,I_IL_02-GT_178.txt
I_IL_02-179.jpg,I_IL_02-GT_179.txt
I_IL_02-180.jpg,I_IL_02-GT_180.txt
I_IL_02-181.jpg,I_IL_02-GT_181.txt
I_IL_02-182.jpg,I_IL_02-GT_182.txt
I_IL_02-183.jpg,I_IL_02-GT_183.txt
I_IL_02-184.jpg,I_IL_02-GT_184.txt
I_IL_02-185.jpg,I_IL_02-GT_185.txt
I_IL_02-186.jpg,I_IL_02-GT_186.txt
I_IL_02-187.jpg,I_IL_02-GT_187.txt
I_IL_02-188.jpg,I_IL_02-GT_188.txt
I_IL_02-189.jpg,I_IL_02-GT_189.txt
I_IL_02-190.jpg,I_IL_02-GT_190.txt
I_IL_02-192.jpg,I_IL_02-GT_192.txt
I_IL_02-193.jpg,I_IL_02-GT_193.txt
I_IL_02-194.jpg,I_IL_02-GT_194.txt
I_IL_02-195.jpg,I_IL_02-GT_195.txt
I_IL_02-196.jpg,I_IL_02-GT_196.txt
I_IL_02-197.jpg,I_IL_02-GT_197.txt
I_IL_02-198.jpg,I_IL_02-GT_198.txt
I_IL_02-199.jpg,I_IL_02-GT_199.txt
I_IL_02-200.jpg,I_IL_02-GT_200.txt
I_IL_02-202.jpg,I_IL_02-GT_202.txt
I_IL_02-203.jpg,I_IL_02-GT_203.txt
I_IL_02-205.jpg,I_IL_02-GT_205.txt
I_IL_02-206.jpg,I_IL_02-GT_206.txt
I_IL_02-207.jpg,I_IL_02-GT_207.txt
I_IL_02-208.jpg,I_IL_02-GT_208.txt
I_IL_02-209.jpg,I_IL_02-GT_209.txt
I_IL_02-210.jpg,I_IL_02-GT_210.txt
I_IL_02-211.jpg,I_IL_02-GT_211.txt
I_IL_02-212.jpg,I_IL_02-GT_212.txt
I_IL_02-213.jpg,I_IL_02-GT_213.txt
I_IL_02-215.jpg,I_IL_02-GT_215.txt
I_IL_02-216.jpg,I_IL_02-GT_216.txt
I_IL_02-217.jpg,I_IL_02-GT_217.txt
I_IL_02-218.jpg,I_IL_02-GT_218.txt
I_IL_02-219.jpg,I_IL_02-GT_219.txt
I_IL_02-220.jpg,I_IL_02-GT_220.txt
I_IL_02-221.jpg,I_IL_02-GT_221.txt
I_IL_02-222.jpg,I_IL_02-GT_222.txt
I_IL_02-223.jpg,I_IL_02-GT_223.txt
I_IL_02-224.jpg,I_IL_02-GT_224.txt
I_IL_02-225.jpg,I_IL_02-GT_225.txt
I_IL_02-226.jpg,I_IL_02-GT_226.txt
I_IL_02-227.jpg,I_IL_02-GT_227.txt
I_IL_02-228.jpg,I_IL_02-GT_228.txt
I_IL_02-229.jpg,I_IL_02-GT_229.txt
I_IL_02-230.jpg,I_IL_02-GT_230.txt
I_IL_02-231.jpg,I_IL_02-GT_231.txt
I_IL_02-232.jpg,I_IL_02-GT_232.txt
I_IL_02-233.jpg,I_IL_02-GT_233.txt
I_IL_02-234.jpg,I_IL_02-GT_234.txt
I_IL_02-235.jpg,I_IL_02-GT_235.txt
I_IL_02-236.jpg,I_IL_02-GT_236.txt
I_IL_02-238.jpg,I_IL_02-GT_238.txt
I_IL_02-239.jpg,I_IL_02-GT_239.txt
I_IL_02-240.jpg,I_IL_02-GT_240.txt
I_IL_02-241.jpg,I_IL_02-GT_241.txt
I_IL_02-242.jpg,I_IL_02-GT_242.txt
I_IL_02-243.jpg,I_IL_02-GT_243.txt
I_IL_02-245.jpg,I_IL_02-GT_245.txt
I_IL_02-246.jpg,I_IL_02-GT_246.txt
I_IL_02-247.jpg,I_IL_02-GT_247.txt
I_IL_02-248.jpg,I_IL_02-GT_248.txt
I_IL_02-249.jpg,I_IL_02-GT_249.txt
I_IL_02-250.jpg,I_IL_02-GT_250.txt
I_IL_02-252.jpg,I_IL_02-GT_252.txt
I_IL_02-253.jpg,I_IL_02-GT_253.txt
I_IL_02-254.jpg,I_IL_02-GT_254.txt
I_IL_02-255.jpg,I_IL_02-GT_255.txt
I_IL_02-257.jpg,I_IL_02-GT_257.txt
I_IL_02-258.jpg,I_IL_02-GT_258.txt
I_IL_02-259.jpg,I_IL_02-GT_259.txt
I_IL_02-260.jpg,I_IL_02-GT_260.txt
I_IL_02-261.jpg,I_IL_02-GT_261.txt
I_IL_02-262.jpg,I_IL_02-GT_262.txt
I_IL_02-266.jpg,I_IL_02-GT_266.txt
I_IL_02-269.jpg,I_IL_02-GT_269.txt
I_IL_02-270.jpg,I_IL_02-GT_270.txt
I_IL_02-273.jpg,I_IL_02-GT_273.txt
I_IL_02-274.jpg,I_IL_02-GT_274.txt
I_IL_02-276.jpg,I_IL_02-GT_276.txt
I_IL_02-277.jpg,I_IL_02-GT_277.txt
I_IL_02-278.jpg,I_IL_02-GT_278.txt
I_IL_02-279.jpg,I_IL_02-GT_279.txt
I_IL_02-280.jpg,I_IL_02-GT_280.txt
I_IL_02-281.jpg,I_IL_02-GT_281.txt
I_IL_02-282.jpg,I_IL_02-GT_282.txt
I_IL_02-283.jpg,I_IL_02-GT_283.txt
I_IL_02-285.jpg,I_IL_02-GT_285.txt
I_IL_02-286.jpg,I_IL_02-GT_286.txt
I_IL_02-287.jpg,I_IL_02-GT_287.txt
I_IL_02-289.jpg,I_IL_02-GT_289.txt
I_IL_02-290.jpg,I_IL_02-GT_290.txt
I_IL_02-291.jpg,I_IL_02-GT_291.txt
I_IL_02-292.jpg,I_IL_02-GT_292.txt
I_IL_02-293.jpg,I_IL_02-GT_293.txt
I_IL_02-294.jpg,I_IL_02-GT_294.txt
I_IL_02-296.jpg,I_IL_02-GT_296.txt
I_IL_02-297.jpg,I_IL_02-GT_297.txt
I_IL_02-298.jpg,I_IL_02-GT_298.txt
I_IL_02-299.jpg,I_IL_02-GT_299.txt
I_IL_02-300.jpg,I_IL_02-GT_300.txt
I_IL_02-301.jpg,I_IL_02-GT_301.txt
I_IL_02-302.jpg,I_IL_02-GT_302.txt
I_IL_02-303.jpg,I_IL_02-GT_303.txt
I_IL_02-305.jpg,I_IL_02-GT_305.txt
I_IL_02-306.jpg,I_IL_02-GT_306.txt
I_IL_02-307.jpg,I_IL_02-GT_307.txt
I_IL_02-308.jpg,I_IL_02-GT_308.txt
I_IL_02-309.jpg,I_IL_02-GT_309.txt
I_IL_02-310.jpg,I_IL_02-GT_310.txt
I_IL_02-311.jpg,I_IL_02-GT_311.txt
I_IL_02-312.jpg,I_IL_02-GT_312.txt
I_IL_02-313.jpg,I_IL_02-GT_313.txt
I_IL_02-315.jpg,I_IL_02-GT_315.txt
I_IL_02-316.jpg,I_IL_02-GT_316.txt
I_IL_02-317.jpg,I_IL_02-GT_317.txt
I_IL_02-318.jpg,I_IL_02-GT_318.txt
I_IL_02-319.jpg,I_IL_02-GT_319.txt
I_IL_02-320.jpg,I_IL_02-GT_320.txt
I_IL_02-321.jpg,I_IL_02-GT_321.txt
I_IL_02-322.jpg,I_IL_02-GT_322.txt
I_IL_02-325.jpg,I_IL_02-GT_325.txt
I_IL_02-326.jpg,I_IL_02-GT_326.txt
I_IL_02-327.jpg,I_IL_02-GT_327.txt
I_IL_02-329.jpg,I_IL_02-GT_329.txt
I_IL_02-330.jpg,I_IL_02-GT_330.txt
I_IL_02-331.jpg,I_IL_02-GT_331.txt
I_IL_02-332.jpg,I_IL_02-GT_332.txt
I_IL_02-334.jpg,I_IL_02-GT_334.txt
I_IL_02-335.jpg,I_IL_02-GT_335.txt
I_IL_02-336.jpg,I_IL_02-GT_336.txt
I_IL_02-339.jpg,I_IL_02-GT_339.txt
I_IL_02-340.jpg,I_IL_02-GT_340.txt
I_IL_02-341.jpg,I_IL_02-GT_341.txt
I_IL_02-342.jpg,I_IL_02-GT_342.txt
I_IL_02-343.jpg,I_IL_02-GT_343.txt
I_IL_02-344.jpg,I_IL_02-GT_344.txt
I_IL_02-345.jpg,I_IL_02-GT_345.txt
I_IL_02-346.jpg,I_IL_02-GT_346.txt
I_IL_02-347.jpg,I_IL_02-GT_347.txt
I_IL_02-348.jpg,I_IL_02-GT_348.txt
I_IL_02-349.jpg,I_IL_02-GT_349.txt
I_IL_02-350.jpg,I_IL_02-GT_350.txt
I_IL_02-353.jpg,I_IL_02-GT_353.txt
I_IL_02-354.jpg,I_IL_02-GT_354.txt
I_IL_02-355.jpg,I_IL_02-GT_355.txt
I_IL_02-356.jpg,I_IL_02-GT_356.txt
I_IL_02-358.jpg,I_IL_02-GT_358.txt
I_IL_02-359.jpg,I_IL_02-GT_359.txt
I_IL_02-360.jpg,I_IL_02-GT_360.txt
I_IL_02-361.jpg,I_IL_02-GT_361.txt
I_IL_02-362.jpg,I_IL_02-GT_362.txt
I_IL_02-363.jpg,I_IL_02-GT_363.txt
I_IL_02-364.jpg,I_IL_02-GT_364.txt
I_IL_02-365.jpg,I_IL_02-GT_365.txt
I_IL_02-366.jpg,I_IL_02-GT_366.txt
I_IL_02-367.jpg,I_IL_02-GT_367.txt
I_IL_02-369.jpg,I_IL_02-GT_369.txt
I_IL_02-370.jpg,I_IL_02-GT_370.txt
I_IL_02-372.jpg,I_IL_02-GT_372.txt
I_IL_02-373.jpg,I_IL_02-GT_373.txt
I_IL_02-375.jpg,I_IL_02-GT_375.txt
I_IL_02-376.jpg,I_IL_02-GT_376.txt
I_IL_02-377.jpg,I_IL_02-GT_377.txt
I_IL_02-378.jpg,I_IL_02-GT_378.txt
I_SI_01-084.jpg,I_SI_01-GT_084.txt
I_SI_01-085.jpg,I_SI_01-GT_085.txt
I_SI_01-086.jpg,I_SI_01-GT_086.txt
I_SI_01-087.jpg,I_SI_01-GT_087.txt
I_SI_01-089.jpg,I_SI_01-GT_089.txt
I_SI_01-091.jpg,I_SI_01-GT_091.txt
I_SI_01-092.jpg,I_SI_01-GT_092.txt
I_SI_01-093.jpg,I_SI_01-GT_093.txt
I_SI_01-094.jpg,I_SI_01-GT_094.txt
I_SI_01-095.jpg,I_SI_01-GT_095.txt
I_SI_01-096.jpg,I_SI_01-GT_096.txt
I_SI_01-098.jpg,I_SI_01-GT_098.txt
I_SI_01-099.jpg,I_SI_01-GT_099.txt
I_SI_01-100.jpg,I_SI_01-GT_100.txt
I_SI_01-102.jpg,I_SI_01-GT_102.txt
I_SI_01-103.jpg,I_SI_01-GT_103.txt
I_SI_01-104.jpg,I_SI_01-GT_104.txt
I_SI_01-105.jpg,I_SI_01-GT_105.txt
I_SI_01-106.jpg,I_SI_01-GT_106.txt
I_SI_01-107.jpg,I_SI_01-GT_107.txt
I_SI_01-108.jpg,I_SI_01-GT_108.txt
I_SI_01-109.jpg,I_SI_01-GT_109.txt
I_SI_01-112.jpg,I_SI_01-GT_112.txt
I_SI_01-113.jpg,I_SI_01-GT_113.txt
I_SI_01-114.jpg,I_SI_01-GT_114.txt
I_SI_01-115.jpg,I_SI_01-GT_115.txt
I_SI_01-116.jpg,I_SI_01-GT_116.txt
I_SI_01-117.jpg,I_SI_01-GT_117.txt
I_SI_01-118.jpg,I_SI_01-GT_118.txt
I_SI_01-119.jpg,I_SI_01-GT_119.txt
I_SI_01-120.jpg,I_SI_01-GT_120.txt
I_SI_01-122.jpg,I_SI_01-GT_122.txt
I_SI_01-123.jpg,I_SI_01-GT_123.txt
I_SI_01-124.jpg,I_SI_01-GT_124.txt
I_SI_01-125.jpg,I_SI_01-GT_125.txt
I_SI_01-126.jpg,I_SI_01-GT_126.txt
I_SI_01-128.jpg,I_SI_01-GT_128.txt
I_SI_01-129.jpg,I_SI_01-GT_129.txt
I_SI_01-130.jpg,I_SI_01-GT_130.txt
I_SI_01-159.jpg,I_SI_01-GT_159.txt
I_SI_01-160.jpg,I_SI_01-GT_160.txt
I_SI_01-161.jpg,I_SI_01-GT_161.txt
I_SI_01-162.jpg,I_SI_01-GT_162.txt
I_SI_01-181.jpg,I_SI_01-GT_181.txt
I_SI_01-182.jpg,I_SI_01-GT_182.txt
I_SI_01-183.jpg,I_SI_01-GT_183.txt
I_SI_01-184.jpg,I_SI_01-GT_184.txt
I_SI_01-185.jpg,I_SI_01-GT_185.txt
I_SI_01-186.jpg,I_SI_01-GT_186.txt
I_SI_01-187.jpg,I_SI_01-GT_187.txt
I_SI_01-188.jpg,I_SI_01-GT_188.txt
I_SI_01-190.jpg,I_SI_01-GT_190.txt
I_SI_01-191.jpg,I_SI_01-GT_191.txt
I_SI_01-192.jpg,I_SI_01-GT_192.txt
I_SI_01-194.jpg,I_SI_01-GT_194.txt
I_SI_01-195.jpg,I_SI_01-GT_195.txt
I_SI_01-196.jpg,I_SI_01-GT_196.txt
I_SI_01-198.jpg,I_SI_01-GT_198.txt
I_SI_01-199.jpg,I_SI_01-GT_199.txt
I_SI_01-200.jpg,I_SI_01-GT_200.txt
I_SI_01-201.jpg,I_SI_01-GT_201.txt
I_SI_01-202.jpg,I_SI_01-GT_202.txt
I_SI_01-203.jpg,I_SI_01-GT_203.txt
I_SI_01-204.jpg,I_SI_01-GT_204.txt
I_SI_01-205.jpg,I_SI_01-GT_205.txt
I_SI_01-207.jpg,I_SI_01-GT_207.txt
I_SI_01-208.jpg,I_SI_01-GT_208.txt
I_SI_01-209.jpg,I_SI_01-GT_209.txt
I_SI_01-210.jpg,I_SI_01-GT_210.txt
I_SI_01-211.jpg,I_SI_01-GT_211.txt
I_SI_01-212.jpg,I_SI_01-GT_212.txt
I_SI_01-241.jpg,I_SI_01-GT_241.txt
I_SI_01-243.jpg,I_SI_01-GT_243.txt
I_SI_01-244.jpg,I_SI_01-GT_244.txt
I_SI_01-245.jpg,I_SI_01-GT_245.txt
I_SI_01-246.jpg,I_SI_01-GT_246.txt
I_SI_01-247.jpg,I_SI_01-GT_247.txt
I_SI_01-248.jpg,I_SI_01-GT_248.txt
I_SI_01-249.jpg,I_SI_01-GT_249.txt
I_SI_01-250.jpg,I_SI_01-GT_250.txt
I_SI_01-251.jpg,I_SI_01-GT_251.txt
I_SI_01-252.jpg,I_SI_01-GT_252.txt
I_SI_01-253.jpg,I_SI_01-GT_253.txt
I_SI_01-254.jpg,I_SI_01-GT_254.txt
I_SI_01-255.jpg,I_SI_01-GT_255.txt
I_SI_01-256.jpg,I_SI_01-GT_256.txt
I_SI_01-257.jpg,I_SI_01-GT_257.txt
I_SI_01-259.jpg,I_SI_01-GT_259.txt
I_SI_01-260.jpg,I_SI_01-GT_260.txt
I_SI_01-261.jpg,I_SI_01-GT_261.txt
I_SI_01-262.jpg,I_SI_01-GT_262.txt
I_SI_01-263.jpg,I_SI_01-GT_263.txt
I_SI_01-264.jpg,I_SI_01-GT_264.txt
I_SI_01-265.jpg,I_SI_01-GT_265.txt
I_SI_01-266.jpg,I_SI_01-GT_266.txt
I_SI_01-267.jpg,I_SI_01-GT_267.txt
I_SI_01-268.jpg,I_SI_01-GT_268.txt
I_SI_01-269.jpg,I_SI_01-GT_269.txt
I_SI_01-270.jpg,I_SI_01-GT_270.txt
I_SI_01-271.jpg,I_SI_01-GT_271.txt
I_SI_01-273.jpg,I_SI_01-GT_273.txt
I_SI_01-274.jpg,I_SI_01-GT_274.txt
I_SI_01-275.jpg,I_SI_01-GT_275.txt
I_SI_01-276.jpg,I_SI_01-GT_276.txt
I_SI_01-277.jpg,I_SI_01-GT_277.txt
I_SI_01-278.jpg,I_SI_01-GT_278.txt
I_SI_01-279.jpg,I_SI_01-GT_279.txt
I_SI_01-280.jpg,I_SI_01-GT_280.txt
I_SI_01-281.jpg,I_SI_01-GT_281.txt
I_SI_01-282.jpg,I_SI_01-GT_282.txt
I_SI_01-283.jpg,I_SI_01-GT_283.txt
I_SI_01-284.jpg,I_SI_01-GT_284.txt
I_SI_01-285.jpg,I_SI_01-GT_285.txt
I_SI_01-287.jpg,I_SI_01-GT_287.txt
I_SI_01-288.jpg,I_SI_01-GT_288.txt
I_SI_01-289.jpg,I_SI_01-GT_289.txt
I_SI_01-290.jpg,I_SI_01-GT_290.txt
I_SI_01-291.jpg,I_SI_01-GT_291.txt
I_SI_02-093.jpg,I_SI_02-GT_093.txt
I_SI_02-094.jpg,I_SI_02-GT_094.txt
I_SI_02-096.jpg,I_SI_02-GT_096.txt
I_SI_02-097.jpg,I_SI_02-GT_097.txt
I_SI_02-098.jpg,I_SI_02-GT_098.txt
I_SI_02-099.jpg,I_SI_02-GT_099.txt
I_SI_02-100.jpg,I_SI_02-GT_100.txt
I_SI_02-101.jpg,I_SI_02-GT_101.txt
I_SI_02-102.jpg,I_SI_02-GT_102.txt
I_SI_02-103.jpg,I_SI_02-GT_103.txt
I_SI_02-104.jpg,I_SI_02-GT_104.txt
I_SI_02-106.jpg,I_SI_02-GT_106.txt
I_SI_02-107.jpg,I_SI_02-GT_107.txt
I_SI_02-108.jpg,I_SI_02-GT_108.txt
I_SI_02-109.jpg,I_SI_02-GT_109.txt
I_SI_02-110.jpg,I_SI_02-GT_110.txt
I_SI_02-111.jpg,I_SI_02-GT_111.txt
I_SI_02-112.jpg,I_SI_02-GT_112.txt
I_SI_02-113.jpg,I_SI_02-GT_113.txt
I_SI_02-114.jpg,I_SI_02-GT_114.txt
I_SI_02-115.jpg,I_SI_02-GT_115.txt
I_SI_02-116.jpg,I_SI_02-GT_116.txt
I_SI_02-117.jpg,I_SI_02-GT_117.txt
I_SI_02-118.jpg,I_SI_02-GT_118.txt
I_SI_02-119.jpg,I_SI_02-GT_119.txt
I_SI_02-120.jpg,I_SI_02-GT_120.txt
I_SI_02-121.jpg,I_SI_02-GT_121.txt
I_SI_02-123.jpg,I_SI_02-GT_123.txt
I_SI_02-125.jpg,I_SI_02-GT_125.txt
I_SI_02-126.jpg,I_SI_02-GT_126.txt
I_SI_02-127.jpg,I_SI_02-GT_127.txt
I_SI_02-128.jpg,I_SI_02-GT_128.txt
I_SI_02-129.jpg,I_SI_02-GT_129.txt
I_SI_02-130.jpg,I_SI_02-GT_130.txt
I_SI_02-131.jpg,I_SI_02-GT_131.txt
I_SI_02-132.jpg,I_SI_02-GT_132.txt
I_SI_02-133.jpg,I_SI_02-GT_133.txt
I_SI_02-135.jpg,I_SI_02-GT_135.txt
I_SI_02-136.jpg,I_SI_02-GT_136.txt
I_SI_02-137.jpg,I_SI_02-GT_137.txt
I_SI_02-138.jpg,I_SI_02-GT_138.txt
I_SI_02-139.jpg,I_SI_02-GT_139.txt
I_SI_02-141.jpg,I_SI_02-GT_141.txt
I_SI_02-142.jpg,I_SI_02-GT_142.txt
I_SI_02-143.jpg,I_SI_02-GT_143.txt
I_SI_02-144.jpg,I_SI_02-GT_144.txt
I_SI_02-145.jpg,I_SI_02-GT_145.txt
I_SI_02-146.jpg,I_SI_02-GT_146.txt
I_SI_02-147.jpg,I_SI_02-GT_147.txt
I_SI_02-148.jpg,I_SI_02-GT_148.txt
I_SI_02-149.jpg,I_SI_02-GT_149.txt
I_SI_02-150.jpg,I_SI_02-GT_150.txt
I_SI_02-152.jpg,I_SI_02-GT_152.txt
I_SI_02-153.jpg,I_SI_02-GT_153.txt
I_SI_02-156.jpg,I_SI_02-GT_156.txt
I_SI_02-158.jpg,I_SI_02-GT_158.txt
I_SI_02-159.jpg,I_SI_02-GT_159.txt
I_SI_02-160.jpg,I_SI_02-GT_160.txt
I_SI_02-161.jpg,I_SI_02-GT_161.txt
I_SI_02-163.jpg,I_SI_02-GT_163.txt
I_SI_02-164.jpg,I_SI_02-GT_164.txt
I_SI_02-165.jpg,I_SI_02-GT_165.txt
I_SI_02-166.jpg,I_SI_02-GT_166.txt
I_SI_02-167.jpg,I_SI_02-GT_167.txt
I_SI_02-168.jpg,I_SI_02-GT_168.txt
I_SI_02-169.jpg,I_SI_02-GT_169.txt
I_SI_02-170.jpg,I_SI_02-GT_170.txt
I_SI_02-171.jpg,I_SI_02-GT_171.txt
I_SI_02-172.jpg,I_SI_02-GT_172.txt
I_SI_02-173.jpg,I_SI_02-GT_173.txt
I_SI_02-174.jpg,I_SI_02-GT_174.txt
I_SI_02-175.jpg,I_SI_02-GT_175.txt
I_SI_02-179.jpg,I_SI_02-GT_179.txt
I_SI_02-180.jpg,I_SI_02-GT_180.txt
I_SI_02-181.jpg,I_SI_02-GT_181.txt
I_SI_02-182.jpg,I_SI_02-GT_182.txt
I_SI_02-183.jpg,I_SI_02-GT_183.txt
I_SI_02-184.jpg,I_SI_02-GT_184.txt
I_SI_02-185.jpg,I_SI_02-GT_185.txt
I_SI_02-186.jpg,I_SI_02-GT_186.txt
I_SI_02-187.jpg,I_SI_02-GT_187.txt
I_SI_02-188.jpg,I_SI_02-GT_188.txt
I_SI_02-189.jpg,I_SI_02-GT_189.txt
I_SI_02-190.jpg,I_SI_02-GT_190.txt
I_SI_02-191.jpg,I_SI_02-GT_191.txt
I_SI_02-192.jpg,I_SI_02-GT_192.txt
I_SI_02-193.jpg,I_SI_02-GT_193.txt
I_SI_02-194.jpg,I_SI_02-GT_194.txt
I_SI_02-195.jpg,I_SI_02-GT_195.txt
I_SI_02-196.jpg,I_SI_02-GT_196.txt
I_SI_02-197.jpg,I_SI_02-GT_197.txt
I_SI_02-198.jpg,I_SI_02-GT_198.txt
I_SI_02-201.jpg,I_SI_02-GT_201.txt
I_SI_02-202.jpg,I_SI_02-GT_202.txt
I_SI_02-203.jpg,I_SI_02-GT_203.txt
I_SI_02-206.jpg,I_SI_02-GT_206.txt
I_SI_02-207.jpg,I_SI_02-GT_207.txt
I_SI_02-208.jpg,I_SI_02-GT_208.txt
I_SI_02-209.jpg,I_SI_02-GT_209.txt
I_SI_02-211.jpg,I_SI_02-GT_211.txt
I_SI_02-212.jpg,I_SI_02-GT_212.txt
I_SI_02-214.jpg,I_SI_02-GT_214.txt
I_SI_02-215.jpg,I_SI_02-GT_215.txt
I_SI_02-216.jpg,I_SI_02-GT_216.txt
I_SI_02-218.jpg,I_SI_02-GT_218.txt
I_SI_02-219.jpg,I_SI_02-GT_219.txt
I_SI_02-220.jpg,I_SI_02-GT_220.txt
I_SI_02-222.jpg,I_SI_02-GT_222.txt
I_SI_02-223.jpg,I_SI_02-GT_223.txt
I_SI_02-225.jpg,I_SI_02-GT_225.txt
I_SI_02-226.jpg,I_SI_02-GT_226.txt
I_SI_02-228.jpg,I_SI_02-GT_228.txt
I_SI_02-229.jpg,I_SI_02-GT_229.txt
I_SI_02-230.jpg,I_SI_02-GT_230.txt
I_SI_02-231.jpg,I_SI_02-GT_231.txt
I_SI_02-232.jpg,I_SI_02-GT_232.txt
I_SI_02-233.jpg,I_SI_02-GT_233.txt
I_SI_02-234.jpg,I_SI_02-GT_234.txt
I_SI_02-235.jpg,I_SI_02-GT_235.txt
I_SI_02-236.jpg,I_SI_02-GT_236.txt
I_SI_02-237.jpg,I_SI_02-GT_237.txt
I_SI_02-238.jpg,I_SI_02-GT_238.txt
I_SI_02-239.jpg,I_SI_02-GT_239.txt
I_SI_02-240.jpg,I_SI_02-GT_240.txt
I_SI_02-241.jpg,I_SI_02-GT_241.txt
I_SI_02-242.jpg,I_SI_02-GT_242.txt
I_SI_02-243.jpg,I_SI_02-GT_243.txt
I_SI_02-244.jpg,I_SI_02-GT_244.txt
I_SI_02-245.jpg,I_SI_02-GT_245.txt
I_SI_02-247.jpg,I_SI_02-GT_247.txt
I_SI_02-248.jpg,I_SI_02-GT_248.txt
I_SI_02-249.jpg,I_SI_02-GT_249.txt
I_SI_02-251.jpg,I_SI_02-GT_251.txt
I_SI_02-252.jpg,I_SI_02-GT_252.txt
I_SI_02-253.jpg,I_SI_02-GT_253.txt
I_SI_02-255.jpg,I_SI_02-GT_255.txt
I_SI_02-256.jpg,I_SI_02-GT_256.txt
I_SI_02-257.jpg,I_SI_02-GT_257.txt
I_SI_02-259.jpg,I_SI_02-GT_259.txt
I_SI_02-260.jpg,I_SI_02-GT_260.txt
I_SI_02-261.jpg,I_SI_02-GT_261.txt
I_SI_02-262.jpg,I_SI_02-GT_262.txt
I_SI_02-263.jpg,I_SI_02-GT_263.txt
I_SI_02-265.jpg,I_SI_02-GT_265.txt
I_SI_02-266.jpg,I_SI_02-GT_266.txt
I_SI_02-267.jpg,I_SI_02-GT_267.txt
I_SI_02-268.jpg,I_SI_02-GT_268.txt
I_SI_02-269.jpg,I_SI_02-GT_269.txt
I_SI_02-270.jpg,I_SI_02-GT_270.txt
I_SI_02-271.jpg,I_SI_02-GT_271.txt
I_SI_02-272.jpg,I_SI_02-GT_272.txt
I_SI_02-273.jpg,I_SI_02-GT_273.txt
O_CB_01-014.jpg,O_CB_01-GT_014.txt
O_CB_01-015.jpg,O_CB_01-GT_015.txt
O_CB_01-016.jpg,O_CB_01-GT_016.txt
O_CB_01-018.jpg,O_CB_01-GT_018.txt
O_CB_01-019.jpg,O_CB_01-GT_019.txt
O_CB_01-020.jpg,O_CB_01-GT_020.txt
O_CB_01-021.jpg,O_CB_01-GT_021.txt
O_CB_01-022.jpg,O_CB_01-GT_022.txt
O_CB_01-023.jpg,O_CB_01-GT_023.txt
O_CB_01-024.jpg,O_CB_01-GT_024.txt
O_CB_01-025.jpg,O_CB_01-GT_025.txt
O_CB_01-027.jpg,O_CB_01-GT_027.txt
O_CB_01-028.jpg,O_CB_01-GT_028.txt
O_CB_01-029.jpg,O_CB_01-GT_029.txt
O_CB_01-030.jpg,O_CB_01-GT_030.txt
O_CB_01-031.jpg,O_CB_01-GT_031.txt
O_CB_01-033.jpg,O_CB_01-GT_033.txt
O_CB_01-034.jpg,O_CB_01-GT_034.txt
O_CB_01-035.jpg,O_CB_01-GT_035.txt
O_CB_01-036.jpg,O_CB_01-GT_036.txt
O_CB_01-037.jpg,O_CB_01-GT_037.txt
O_CB_01-038.jpg,O_CB_01-GT_038.txt
O_CB_01-039.jpg,O_CB_01-GT_039.txt
O_CB_01-040.jpg,O_CB_01-GT_040.txt
O_CB_01-041.jpg,O_CB_01-GT_041.txt
O_CB_01-042.jpg,O_CB_01-GT_042.txt
O_CB_01-043.jpg,O_CB_01-GT_043.txt
O_CB_01-044.jpg,O_CB_01-GT_044.txt
O_CB_01-045.jpg,O_CB_01-GT_045.txt
O_CB_01-046.jpg,O_CB_01-GT_046.txt
O_CB_01-047.jpg,O_CB_01-GT_047.txt
O_CB_01-048.jpg,O_CB_01-GT_048.txt
O_CB_01-049.jpg,O_CB_01-GT_049.txt
O_CB_01-050.jpg,O_CB_01-GT_050.txt
O_CB_01-054.jpg,O_CB_01-GT_054.txt
O_CB_01-055.jpg,O_CB_01-GT_055.txt
O_CB_01-056.jpg,O_CB_01-GT_056.txt
O_CB_01-058.jpg,O_CB_01-GT_058.txt
O_CB_01-059.jpg,O_CB_01-GT_059.txt
O_CB_01-060.jpg,O_CB_01-GT_060.txt
O_CB_01-061.jpg,O_CB_01-GT_061.txt
O_CB_01-062.jpg,O_CB_01-GT_062.txt
O_CB_01-063.jpg,O_CB_01-GT_063.txt
O_CB_01-065.jpg,O_CB_01-GT_065.txt
O_CB_01-066.jpg,O_CB_01-GT_066.txt
O_CB_01-068.jpg,O_CB_01-GT_068.txt
O_CB_01-069.jpg,O_CB_01-GT_069.txt
O_CB_01-070.jpg,O_CB_01-GT_070.txt
O_CB_01-071.jpg,O_CB_01-GT_071.txt
O_CB_01-072.jpg,O_CB_01-GT_072.txt
O_CB_01-073.jpg,O_CB_01-GT_073.txt
O_CB_01-075.jpg,O_CB_01-GT_075.txt
O_CB_01-076.jpg,O_CB_01-GT_076.txt
O_CB_01-077.jpg,O_CB_01-GT_077.txt
O_CB_01-078.jpg,O_CB_01-GT_078.txt
O_CB_01-079.jpg,O_CB_01-GT_079.txt
O_CB_01-080.jpg,O_CB_01-GT_080.txt
O_CB_01-081.jpg,O_CB_01-GT_081.txt
O_CB_01-082.jpg,O_CB_01-GT_082.txt
O_CB_01-083.jpg,O_CB_01-GT_083.txt
O_CB_01-084.jpg,O_CB_01-GT_084.txt
O_CB_01-085.jpg,O_CB_01-GT_085.txt
O_CB_01-086.jpg,O_CB_01-GT_086.txt
O_CB_01-087.jpg,O_CB_01-GT_087.txt
O_CB_01-088.jpg,O_CB_01-GT_088.txt
O_CB_01-090.jpg,O_CB_01-GT_090.txt
O_CB_01-091.jpg,O_CB_01-GT_091.txt
O_CB_01-092.jpg,O_CB_01-GT_092.txt
O_CB_01-093.jpg,O_CB_01-GT_093.txt
O_CB_01-094.jpg,O_CB_01-GT_094.txt
O_CB_01-095.jpg,O_CB_01-GT_095.txt
O_CB_01-279.jpg,O_CB_01-GT_279.txt
O_CB_01-280.jpg,O_CB_01-GT_280.txt
O_CB_01-281.jpg,O_CB_01-GT_281.txt
O_CB_01-282.jpg,O_CB_01-GT_282.txt
O_CB_01-283.jpg,O_CB_01-GT_283.txt
O_CB_01-284.jpg,O_CB_01-GT_284.txt
O_CB_01-286.jpg,O_CB_01-GT_286.txt
O_CB_01-287.jpg,O_CB_01-GT_287.txt
O_CB_01-288.jpg,O_CB_01-GT_288.txt
O_CB_01-289.jpg,O_CB_01-GT_289.txt
O_CB_01-290.jpg,O_CB_01-GT_290.txt
O_CB_01-291.jpg,O_CB_01-GT_291.txt
O_CB_01-292.jpg,O_CB_01-GT_292.txt
O_CB_01-293.jpg,O_CB_01-GT_293.txt
O_CB_01-294.jpg,O_CB_01-GT_294.txt
O_CB_01-296.jpg,O_CB_01-GT_296.txt
O_CB_01-297.jpg,O_CB_01-GT_297.txt
O_CB_01-299.jpg,O_CB_01-GT_299.txt
O_CB_01-301.jpg,O_CB_01-GT_301.txt
O_CB_01-302.jpg,O_CB_01-GT_302.txt
O_CB_01-303.jpg,O_CB_01-GT_303.txt
O_CB_01-304.jpg,O_CB_01-GT_304.txt
O_CB_01-305.jpg,O_CB_01-GT_305.txt
O_CB_01-306.jpg,O_CB_01-GT_306.txt
O_CB_01-307.jpg,O_CB_01-GT_307.txt
O_CB_01-308.jpg,O_CB_01-GT_308.txt
O_CB_01-309.jpg,O_CB_01-GT_309.txt
O_CB_01-311.jpg,O_CB_01-GT_311.txt
O_CB_01-312.jpg,O_CB_01-GT_312.txt
O_CB_01-313.jpg,O_CB_01-GT_313.txt
O_CB_01-314.jpg,O_CB_01-GT_314.txt
O_CB_01-315.jpg,O_CB_01-GT_315.txt
O_CB_01-316.jpg,O_CB_01-GT_316.txt
O_CB_01-317.jpg,O_CB_01-GT_317.txt
O_CB_01-318.jpg,O_CB_01-GT_318.txt
O_CB_01-319.jpg,O_CB_01-GT_319.txt
O_CB_01-320.jpg,O_CB_01-GT_320.txt
O_CB_01-321.jpg,O_CB_01-GT_321.txt
O_CB_01-322.jpg,O_CB_01-GT_322.txt
O_CB_01-323.jpg,O_CB_01-GT_323.txt
O_CB_01-324.jpg,O_CB_01-GT_324.txt
O_CB_01-327.jpg,O_CB_01-GT_327.txt
O_CB_01-328.jpg,O_CB_01-GT_328.txt
O_CB_01-330.jpg,O_CB_01-GT_330.txt
O_CB_01-331.jpg,O_CB_01-GT_331.txt
O_CB_01-332.jpg,O_CB_01-GT_332.txt
O_CB_01-333.jpg,O_CB_01-GT_333.txt
O_CB_01-334.jpg,O_CB_01-GT_334.txt
O_CB_01-335.jpg,O_CB_01-GT_335.txt
O_CB_01-336.jpg,O_CB_01-GT_336.txt
O_CB_01-337.jpg,O_CB_01-GT_337.txt
O_CB_01-339.jpg,O_CB_01-GT_339.txt
O_CB_01-341.jpg,O_CB_01-GT_341.txt
O_CB_01-689.jpg,O_CB_01-GT_689.txt
O_CB_01-690.jpg,O_CB_01-GT_690.txt
O_CB_01-691.jpg,O_CB_01-GT_691.txt
O_CB_01-692.jpg,O_CB_01-GT_692.txt
O_CB_01-693.jpg,O_CB_01-GT_693.txt
O_CB_01-694.jpg,O_CB_01-GT_694.txt
O_CB_01-695.jpg,O_CB_01-GT_695.txt
O_CB_01-697.jpg,O_CB_01-GT_697.txt
O_CB_01-698.jpg,O_CB_01-GT_698.txt
O_CB_01-699.jpg,O_CB_01-GT_699.txt
O_CB_01-700.jpg,O_CB_01-GT_700.txt
O_CB_01-701.jpg,O_CB_01-GT_701.txt
O_CB_01-705.jpg,O_CB_01-GT_705.txt
O_CB_01-706.jpg,O_CB_01-GT_706.txt
O_CB_01-766.jpg,O_CB_01-GT_766.txt
O_CB_01-767.jpg,O_CB_01-GT_767.txt
O_CB_01-768.jpg,O_CB_01-GT_768.txt
O_CL_02-102.jpg,O_CL_02-GT_102.txt
O_CL_02-103.jpg,O_CL_02-GT_103.txt
O_CL_02-104.jpg,O_CL_02-GT_104.txt
O_CL_02-105.jpg,O_CL_02-GT_105.txt
O_CL_02-106.jpg,O_CL_02-GT_106.txt
O_CL_02-107.jpg,O_CL_02-GT_107.txt
O_CL_02-109.jpg,O_CL_02-GT_109.txt
O_CL_02-110.jpg,O_CL_02-GT_110.txt
O_CL_02-111.jpg,O_CL_02-GT_111.txt
O_CL_02-112.jpg,O_CL_02-GT_112.txt
O_CL_02-113.jpg,O_CL_02-GT_113.txt
O_CL_02-114.jpg,O_CL_02-GT_114.txt
O_CL_02-131.jpg,O_CL_02-GT_131.txt
O_CL_02-132.jpg,O_CL_02-GT_132.txt
O_CL_02-133.jpg,O_CL_02-GT_133.txt
O_CL_02-135.jpg,O_CL_02-GT_135.txt
O_CL_02-136.jpg,O_CL_02-GT_136.txt
O_CL_02-137.jpg,O_CL_02-GT_137.txt
O_CL_02-138.jpg,O_CL_02-GT_138.txt
O_CL_02-139.jpg,O_CL_02-GT_139.txt
O_CL_02-140.jpg,O_CL_02-GT_140.txt
O_CL_02-141.jpg,O_CL_02-GT_141.txt
O_CL_02-142.jpg,O_CL_02-GT_142.txt
O_CL_02-143.jpg,O_CL_02-GT_143.txt
O_CL_02-144.jpg,O_CL_02-GT_144.txt
O_CL_02-146.jpg,O_CL_02-GT_146.txt
O_CL_02-147.jpg,O_CL_02-GT_147.txt
O_CL_02-148.jpg,O_CL_02-GT_148.txt
O_CL_02-149.jpg,O_CL_02-GT_149.txt
O_CL_02-150.jpg,O_CL_02-GT_150.txt
O_CL_02-151.jpg,O_CL_02-GT_151.txt
O_CL_02-152.jpg,O_CL_02-GT_152.txt
O_CL_02-153.jpg,O_CL_02-GT_153.txt
O_CL_02-154.jpg,O_CL_02-GT_154.txt
O_CL_02-155.jpg,O_CL_02-GT_155.txt
O_CL_02-156.jpg,O_CL_02-GT_156.txt
O_CL_02-158.jpg,O_CL_02-GT_158.txt
O_CL_02-159.jpg,O_CL_02-GT_159.txt
O_CL_02-161.jpg,O_CL_02-GT_161.txt
O_CL_02-162.jpg,O_CL_02-GT_162.txt
O_CL_02-163.jpg,O_CL_02-GT_163.txt
O_CL_02-164.jpg,O_CL_02-GT_164.txt
O_CL_02-165.jpg,O_CL_02-GT_165.txt
O_CL_02-167.jpg,O_CL_02-GT_167.txt
O_CL_02-168.jpg,O_CL_02-GT_168.txt
O_CL_02-169.jpg,O_CL_02-GT_169.txt
O_CL_02-171.jpg,O_CL_02-GT_171.txt
O_CL_02-175.jpg,O_CL_02-GT_175.txt
O_CL_02-176.jpg,O_CL_02-GT_176.txt
O_CL_02-177.jpg,O_CL_02-GT_177.txt
O_CL_02-179.jpg,O_CL_02-GT_179.txt
O_CL_02-181.jpg,O_CL_02-GT_181.txt
O_CL_02-182.jpg,O_CL_02-GT_182.txt
O_CL_02-183.jpg,O_CL_02-GT_183.txt
O_CL_02-184.jpg,O_CL_02-GT_184.txt
O_CL_02-185.jpg,O_CL_02-GT_185.txt
O_CL_02-186.jpg,O_CL_02-GT_186.txt
O_CL_02-187.jpg,O_CL_02-GT_187.txt
O_CL_02-189.jpg,O_CL_02-GT_189.txt
O_CL_02-190.jpg,O_CL_02-GT_190.txt
O_CL_02-191.jpg,O_CL_02-GT_191.txt
O_CL_02-195.jpg,O_CL_02-GT_195.txt
O_CL_02-196.jpg,O_CL_02-GT_196.txt
O_CL_02-197.jpg,O_CL_02-GT_197.txt
O_CL_02-198.jpg,O_CL_02-GT_198.txt
O_CL_02-199.jpg,O_CL_02-GT_199.txt
O_CL_02-200.jpg,O_CL_02-GT_200.txt
O_CL_02-201.jpg,O_CL_02-GT_201.txt
O_CL_02-202.jpg,O_CL_02-GT_202.txt
O_CL_02-203.jpg,O_CL_02-GT_203.txt
O_CL_02-204.jpg,O_CL_02-GT_204.txt
O_CL_02-205.jpg,O_CL_02-GT_205.txt
O_CL_02-206.jpg,O_CL_02-GT_206.txt
O_CL_02-208.jpg,O_CL_02-GT_208.txt
O_CL_02-209.jpg,O_CL_02-GT_209.txt
O_CL_02-210.jpg,O_CL_02-GT_210.txt
O_CL_02-211.jpg,O_CL_02-GT_211.txt
O_CL_02-212.jpg,O_CL_02-GT_212.txt
O_CL_02-213.jpg,O_CL_02-GT_213.txt
O_CL_02-214.jpg,O_CL_02-GT_214.txt
O_CL_02-215.jpg,O_CL_02-GT_215.txt
O_CL_02-216.jpg,O_CL_02-GT_216.txt
O_CL_02-217.jpg,O_CL_02-GT_217.txt
O_CL_02-218.jpg,O_CL_02-GT_218.txt
O_CL_02-221.jpg,O_CL_02-GT_221.txt
O_CL_02-222.jpg,O_CL_02-GT_222.txt
O_CL_02-223.jpg,O_CL_02-GT_223.txt
O_CL_02-225.jpg,O_CL_02-GT_225.txt
O_CL_02-226.jpg,O_CL_02-GT_226.txt
O_CL_02-227.jpg,O_CL_02-GT_227.txt
O_CL_02-228.jpg,O_CL_02-GT_228.txt
O_CL_02-229.jpg,O_CL_02-GT_229.txt
O_CL_02-230.jpg,O_CL_02-GT_230.txt
O_CL_02-231.jpg,O_CL_02-GT_231.txt
O_CL_02-232.jpg,O_CL_02-GT_232.txt
O_CL_02-233.jpg,O_CL_02-GT_233.txt
O_CL_02-234.jpg,O_CL_02-GT_234.txt
O_CL_02-235.jpg,O_CL_02-GT_235.txt
O_CL_02-236.jpg,O_CL_02-GT_236.txt
O_CL_02-237.jpg,O_CL_02-GT_237.txt
O_CL_02-238.jpg,O_CL_02-GT_238.txt
O_CL_02-239.jpg,O_CL_02-GT_239.txt
O_CL_02-240.jpg,O_CL_02-GT_240.txt
O_CL_02-241.jpg,O_CL_02-GT_241.txt
O_CL_02-242.jpg,O_CL_02-GT_242.txt
O_CL_02-243.jpg,O_CL_02-GT_243.txt
O_CL_02-244.jpg,O_CL_02-GT_244.txt
O_CL_02-245.jpg,O_CL_02-GT_245.txt
O_CL_02-246.jpg,O_CL_02-GT_246.txt
O_CL_02-247.jpg,O_CL_02-GT_247.txt
O_CL_02-249.jpg,O_CL_02-GT_249.txt
O_CL_02-250.jpg,O_CL_02-GT_250.txt
O_CL_02-251.jpg,O_CL_02-GT_251.txt
O_CL_02-252.jpg,O_CL_02-GT_252.txt
O_CL_02-253.jpg,O_CL_02-GT_253.txt
O_CL_02-254.jpg,O_CL_02-GT_254.txt
O_CL_02-255.jpg,O_CL_02-GT_255.txt
O_CL_02-256.jpg,O_CL_02-GT_256.txt
O_CL_02-257.jpg,O_CL_02-GT_257.txt
O_CL_02-259.jpg,O_CL_02-GT_259.txt
O_CL_02-260.jpg,O_CL_02-GT_260.txt
O_CL_02-261.jpg,O_CL_02-GT_261.txt
O_CL_02-262.jpg,O_CL_02-GT_262.txt
O_CL_02-263.jpg,O_CL_02-GT_263.txt
O_CL_02-264.jpg,O_CL_02-GT_264.txt
O_CL_02-265.jpg,O_CL_02-GT_265.txt
O_CL_02-266.jpg,O_CL_02-GT_266.txt
O_CL_02-268.jpg,O_CL_02-GT_268.txt
O_CL_02-269.jpg,O_CL_02-GT_269.txt
O_CL_02-270.jpg,O_CL_02-GT_270.txt
O_CL_02-271.jpg,O_CL_02-GT_271.txt
O_CL_02-272.jpg,O_CL_02-GT_272.txt
O_CL_02-273.jpg,O_CL_02-GT_273.txt
O_CL_02-274.jpg,O_CL_02-GT_274.txt
O_CL_02-275.jpg,O_CL_02-GT_275.txt
O_CL_02-276.jpg,O_CL_02-GT_276.txt
O_CL_02-277.jpg,O_CL_02-GT_277.txt
O_CL_02-278.jpg,O_CL_02-GT_278.txt
O_CL_02-279.jpg,O_CL_02-GT_279.txt
O_CL_02-280.jpg,O_CL_02-GT_280.txt
O_CL_02-282.jpg,O_CL_02-GT_282.txt
O_CL_02-283.jpg,O_CL_02-GT_283.txt
O_CL_02-284.jpg,O_CL_02-GT_284.txt
O_CL_02-285.jpg,O_CL_02-GT_285.txt
O_CL_02-286.jpg,O_CL_02-GT_286.txt
O_CL_02-287.jpg,O_CL_02-GT_287.txt
O_CL_02-288.jpg,O_CL_02-GT_288.txt
O_CL_02-289.jpg,O_CL_02-GT_289.txt
O_CL_02-290.jpg,O_CL_02-GT_290.txt
O_CL_02-291.jpg,O_CL_02-GT_291.txt
O_CL_02-292.jpg,O_CL_02-GT_292.txt
O_CL_02-293.jpg,O_CL_02-GT_293.txt
O_CL_02-295.jpg,O_CL_02-GT_295.txt
O_CL_02-296.jpg,O_CL_02-GT_296.txt
O_CL_02-297.jpg,O_CL_02-GT_297.txt
O_CL_02-298.jpg,O_CL_02-GT_298.txt
O_CL_02-299.jpg,O_CL_02-GT_299.txt
O_CL_02-300.jpg,O_CL_02-GT_300.txt
O_CL_02-301.jpg,O_CL_02-GT_301.txt
O_CL_02-302.jpg,O_CL_02-GT_302.txt
O_CL_02-303.jpg,O_CL_02-GT_303.txt
O_CL_02-304.jpg,O_CL_02-GT_304.txt
O_CL_02-305.jpg,O_CL_02-GT_305.txt
O_CL_02-306.jpg,O_CL_02-GT_306.txt
O_CL_02-307.jpg,O_CL_02-GT_307.txt
O_CL_02-309.jpg,O_CL_02-GT_309.txt
O_CL_02-311.jpg,O_CL_02-GT_311.txt
O_CL_02-312.jpg,O_CL_02-GT_312.txt
O_CL_02-313.jpg,O_CL_02-GT_313.txt
O_CL_02-314.jpg,O_CL_02-GT_314.txt
O_CL_02-315.jpg,O_CL_02-GT_315.txt
O_CL_02-316.jpg,O_CL_02-GT_316.txt
O_CL_02-317.jpg,O_CL_02-GT_317.txt
O_CL_02-318.jpg,O_CL_02-GT_318.txt
O_CL_02-319.jpg,O_CL_02-GT_319.txt
O_CL_02-320.jpg,O_CL_02-GT_320.txt
O_CL_02-321.jpg,O_CL_02-GT_321.txt
O_CL_02-322.jpg,O_CL_02-GT_322.txt
O_CL_02-323.jpg,O_CL_02-GT_323.txt
O_CL_02-324.jpg,O_CL_02-GT_324.txt
O_CL_02-326.jpg,O_CL_02-GT_326.txt
O_CL_02-327.jpg,O_CL_02-GT_327.txt
O_CL_02-328.jpg,O_CL_02-GT_328.txt
O_CL_02-329.jpg,O_CL_02-GT_329.txt
O_CL_02-330.jpg,O_CL_02-GT_330.txt
O_CL_02-331.jpg,O_CL_02-GT_331.txt
O_CL_02-332.jpg,O_CL_02-GT_332.txt
O_CL_02-333.jpg,O_CL_02-GT_333.txt
O_CL_02-334.jpg,O_CL_02-GT_334.txt
O_CL_02-335.jpg,O_CL_02-GT_335.txt
O_CL_02-336.jpg,O_CL_02-GT_336.txt
O_CL_02-337.jpg,O_CL_02-GT_337.txt
O_CL_02-338.jpg,O_CL_02-GT_338.txt
O_CL_02-339.jpg,O_CL_02-GT_339.txt
O_CL_02-340.jpg,O_CL_02-GT_340.txt
O_CL_02-341.jpg,O_CL_02-GT_341.txt
O_CL_02-342.jpg,O_CL_02-GT_342.txt
O_CL_02-343.jpg,O_CL_02-GT_343.txt
O_CL_02-344.jpg,O_CL_02-GT_344.txt
O_CL_02-345.jpg,O_CL_02-GT_345.txt
O_CL_02-347.jpg,O_CL_02-GT_347.txt
O_CL_02-348.jpg,O_CL_02-GT_348.txt
O_CL_02-349.jpg,O_CL_02-GT_349.txt
O_CL_02-350.jpg,O_CL_02-GT_350.txt
O_CL_02-351.jpg,O_CL_02-GT_351.txt
O_CL_02-352.jpg,O_CL_02-GT_352.txt
O_CL_02-353.jpg,O_CL_02-GT_353.txt
O_CL_02-354.jpg,O_CL_02-GT_354.txt
O_CL_02-355.jpg,O_CL_02-GT_355.txt
O_CL_02-356.jpg,O_CL_02-GT_356.txt
O_CL_02-357.jpg,O_CL_02-GT_357.txt
O_CL_02-358.jpg,O_CL_02-GT_358.txt
O_CL_02-359.jpg,O_CL_02-GT_359.txt
O_CL_02-361.jpg,O_CL_02-GT_361.txt
O_CL_02-363.jpg,O_CL_02-GT_363.txt
O_CL_02-365.jpg,O_CL_02-GT_365.txt
O_CL_02-366.jpg,O_CL_02-GT_366.txt
O_CM_01-000.jpg,O_CM_01-GT_000.txt
O_CM_01-001.jpg,O_CM_01-GT_001.txt
O_CM_01-002.jpg,O_CM_01-GT_002.txt
O_CM_01-003.jpg,O_CM_01-GT_003.txt
O_CM_01-004.jpg,O_CM_01-GT_004.txt
O_CM_01-005.jpg,O_CM_01-GT_005.txt
O_CM_01-006.jpg,O_CM_01-GT_006.txt
O_CM_01-007.jpg,O_CM_01-GT_007.txt
O_CM_01-008.jpg,O_CM_01-GT_008.txt
O_CM_01-009.jpg,O_CM_01-GT_009.txt
O_CM_01-010.jpg,O_CM_01-GT_010.txt
O_CM_01-011.jpg,O_CM_01-GT_011.txt
O_CM_01-012.jpg,O_CM_01-GT_012.txt
O_CM_01-013.jpg,O_CM_01-GT_013.txt
O_CM_01-015.jpg,O_CM_01-GT_015.txt
O_CM_01-016.jpg,O_CM_01-GT_016.txt
O_CM_01-017.jpg,O_CM_01-GT_017.txt
O_CM_01-018.jpg,O_CM_01-GT_018.txt
O_CM_01-019.jpg,O_CM_01-GT_019.txt
O_CM_01-020.jpg,O_CM_01-GT_020.txt
O_CM_01-021.jpg,O_CM_01-GT_021.txt
O_CM_01-022.jpg,O_CM_01-GT_022.txt
O_CM_01-023.jpg,O_CM_01-GT_023.txt
O_CM_01-024.jpg,O_CM_01-GT_024.txt
O_CM_01-025.jpg,O_CM_01-GT_025.txt
O_CM_01-026.jpg,O_CM_01-GT_026.txt
O_CM_01-027.jpg,O_CM_01-GT_027.txt
O_CM_01-028.jpg,O_CM_01-GT_028.txt
O_CM_01-029.jpg,O_CM_01-GT_029.txt
O_CM_01-030.jpg,O_CM_01-GT_030.txt
O_CM_01-031.jpg,O_CM_01-GT_031.txt
O_CM_01-032.jpg,O_CM_01-GT_032.txt
O_CM_01-033.jpg,O_CM_01-GT_033.txt
O_CM_01-034.jpg,O_CM_01-GT_034.txt
O_CM_01-036.jpg,O_CM_01-GT_036.txt
O_CM_01-037.jpg,O_CM_01-GT_037.txt
O_CM_01-039.jpg,O_CM_01-GT_039.txt
O_CM_01-041.jpg,O_CM_01-GT_041.txt
O_CM_01-042.jpg,O_CM_01-GT_042.txt
O_CM_01-043.jpg,O_CM_01-GT_043.txt
O_CM_01-044.jpg,O_CM_01-GT_044.txt
O_CM_01-045.jpg,O_CM_01-GT_045.txt
O_CM_01-046.jpg,O_CM_01-GT_046.txt
O_CM_01-047.jpg,O_CM_01-GT_047.txt
O_CM_01-049.jpg,O_CM_01-GT_049.txt
O_CM_01-050.jpg,O_CM_01-GT_050.txt
O_CM_01-051.jpg,O_CM_01-GT_051.txt
O_CM_01-052.jpg,O_CM_01-GT_052.txt
O_CM_01-053.jpg,O_CM_01-GT_053.txt
O_CM_01-054.jpg,O_CM_01-GT_054.txt
O_CM_01-055.jpg,O_CM_01-GT_055.txt
O_CM_01-056.jpg,O_CM_01-GT_056.txt
O_CM_01-057.jpg,O_CM_01-GT_057.txt
O_CM_01-058.jpg,O_CM_01-GT_058.txt
O_CM_01-059.jpg,O_CM_01-GT_059.txt
O_CM_01-060.jpg,O_CM_01-GT_060.txt
O_CM_01-061.jpg,O_CM_01-GT_061.txt
O_CM_01-062.jpg,O_CM_01-GT_062.txt
O_CM_01-064.jpg,O_CM_01-GT_064.txt
O_CM_01-065.jpg,O_CM_01-GT_065.txt
O_CM_01-066.jpg,O_CM_01-GT_066.txt
O_CM_01-068.jpg,O_CM_01-GT_068.txt
O_CM_01-069.jpg,O_CM_01-GT_069.txt
O_CM_01-070.jpg,O_CM_01-GT_070.txt
O_CM_01-071.jpg,O_CM_01-GT_071.txt
O_CM_01-072.jpg,O_CM_01-GT_072.txt
O_CM_01-073.jpg,O_CM_01-GT_073.txt
O_CM_01-074.jpg,O_CM_01-GT_074.txt
O_CM_01-075.jpg,O_CM_01-GT_075.txt
O_CM_01-076.jpg,O_CM_01-GT_076.txt
O_CM_01-077.jpg,O_CM_01-GT_077.txt
O_CM_01-078.jpg,O_CM_01-GT_078.txt
O_CM_01-079.jpg,O_CM_01-GT_079.txt
O_CM_01-080.jpg,O_CM_01-GT_080.txt
O_CM_01-081.jpg,O_CM_01-GT_081.txt
O_CM_01-082.jpg,O_CM_01-GT_082.txt
O_CM_01-084.jpg,O_CM_01-GT_084.txt
O_CM_01-085.jpg,O_CM_01-GT_085.txt
O_CM_01-088.jpg,O_CM_01-GT_088.txt
O_CM_01-090.jpg,O_CM_01-GT_090.txt
O_CM_01-091.jpg,O_CM_01-GT_091.txt
O_CM_01-092.jpg,O_CM_01-GT_092.txt
O_CM_01-094.jpg,O_CM_01-GT_094.txt
O_CM_01-095.jpg,O_CM_01-GT_095.txt
O_CM_01-096.jpg,O_CM_01-GT_096.txt
O_CM_01-097.jpg,O_CM_01-GT_097.txt
O_CM_01-099.jpg,O_CM_01-GT_099.txt
O_CM_01-100.jpg,O_CM_01-GT_100.txt
O_CM_01-101.jpg,O_CM_01-GT_101.txt
O_CM_01-102.jpg,O_CM_01-GT_102.txt
O_CM_01-103.jpg,O_CM_01-GT_103.txt
O_CM_01-104.jpg,O_CM_01-GT_104.txt
O_CM_01-105.jpg,O_CM_01-GT_105.txt
O_CM_01-106.jpg,O_CM_01-GT_106.txt
O_CM_01-107.jpg,O_CM_01-GT_107.txt
O_CM_01-108.jpg,O_CM_01-GT_108.txt
O_CM_01-109.jpg,O_CM_01-GT_109.txt
O_CM_01-110.jpg,O_CM_01-GT_110.txt
O_CM_01-112.jpg,O_CM_01-GT_112.txt
O_CM_01-113.jpg,O_CM_01-GT_113.txt
O_CM_01-115.jpg,O_CM_01-GT_115.txt
O_CM_01-116.jpg,O_CM_01-GT_116.txt
O_CM_01-117.jpg,O_CM_01-GT_117.txt
O_CM_01-119.jpg,O_CM_01-GT_119.txt
O_CM_01-120.jpg,O_CM_01-GT_120.txt
O_CM_01-122.jpg,O_CM_01-GT_122.txt
O_CM_01-123.jpg,O_CM_01-GT_123.txt
O_CM_01-124.jpg,O_CM_01-GT_124.txt
O_CM_01-126.jpg,O_CM_01-GT_126.txt
O_CM_01-127.jpg,O_CM_01-GT_127.txt
O_CM_01-128.jpg,O_CM_01-GT_128.txt
O_CM_01-129.jpg,O_CM_01-GT_129.txt
O_CM_01-130.jpg,O_CM_01-GT_130.txt
O_CM_01-131.jpg,O_CM_01-GT_131.txt
O_CM_01-133.jpg,O_CM_01-GT_133.txt
O_CM_01-134.jpg,O_CM_01-GT_134.txt
O_CM_01-135.jpg,O_CM_01-GT_135.txt
O_CM_01-136.jpg,O_CM_01-GT_136.txt
O_CM_01-137.jpg,O_CM_01-GT_137.txt
O_CM_01-138.jpg,O_CM_01-GT_138.txt
O_CM_01-139.jpg,O_CM_01-GT_139.txt
O_CM_01-140.jpg,O_CM_01-GT_140.txt
O_CM_01-141.jpg,O_CM_01-GT_141.txt
O_CM_01-142.jpg,O_CM_01-GT_142.txt
O_CM_01-143.jpg,O_CM_01-GT_143.txt
O_CM_01-144.jpg,O_CM_01-GT_144.txt
O_CM_01-145.jpg,O_CM_01-GT_145.txt
O_CM_01-146.jpg,O_CM_01-GT_146.txt
O_CM_01-147.jpg,O_CM_01-GT_147.txt
O_CM_01-149.jpg,O_CM_01-GT_149.txt
O_CM_01-150.jpg,O_CM_01-GT_150.txt
O_CM_01-151.jpg,O_CM_01-GT_151.txt
O_CM_01-152.jpg,O_CM_01-GT_152.txt
O_CM_01-153.jpg,O_CM_01-GT_153.txt
O_CM_01-154.jpg,O_CM_01-GT_154.txt
O_CM_01-155.jpg,O_CM_01-GT_155.txt
O_CM_01-156.jpg,O_CM_01-GT_156.txt
O_CM_01-157.jpg,O_CM_01-GT_157.txt
O_CM_01-158.jpg,O_CM_01-GT_158.txt
O_CM_01-160.jpg,O_CM_01-GT_160.txt
O_CM_01-161.jpg,O_CM_01-GT_161.txt
O_CM_01-162.jpg,O_CM_01-GT_162.txt
O_CM_01-164.jpg,O_CM_01-GT_164.txt
O_CM_01-167.jpg,O_CM_01-GT_167.txt
O_CM_01-168.jpg,O_CM_01-GT_168.txt
O_CM_01-169.jpg,O_CM_01-GT_169.txt
O_CM_01-171.jpg,O_CM_01-GT_171.txt
O_CM_01-172.jpg,O_CM_01-GT_172.txt
O_CM_01-173.jpg,O_CM_01-GT_173.txt
O_CM_01-174.jpg,O_CM_01-GT_174.txt
O_CM_01-177.jpg,O_CM_01-GT_177.txt
O_CM_01-178.jpg,O_CM_01-GT_178.txt
O_CM_01-179.jpg,O_CM_01-GT_179.txt
O_CM_01-180.jpg,O_CM_01-GT_180.txt
O_CM_01-181.jpg,O_CM_01-GT_181.txt
O_CM_01-182.jpg,O_CM_01-GT_182.txt
O_CM_01-183.jpg,O_CM_01-GT_183.txt
O_CM_01-184.jpg,O_CM_01-GT_184.txt
O_CM_01-185.jpg,O_CM_01-GT_185.txt
O_CM_01-186.jpg,O_CM_01-GT_186.txt
O_CM_01-187.jpg,O_CM_01-GT_187.txt
O_CM_01-188.jpg,O_CM_01-GT_188.txt
O_CM_01-189.jpg,O_CM_01-GT_189.txt
O_CM_01-190.jpg,O_CM_01-GT_190.txt
O_CM_01-191.jpg,O_CM_01-GT_191.txt
O_CM_01-192.jpg,O_CM_01-GT_192.txt
O_CM_01-194.jpg,O_CM_01-GT_194.txt
O_CM_01-195.jpg,O_CM_01-GT_195.txt
O_CM_01-196.jpg,O_CM_01-GT_196.txt
O_CM_01-198.jpg,O_CM_01-GT_198.txt
O_CM_01-199.jpg,O_CM_01-GT_199.txt
O_CM_01-201.jpg,O_CM_01-GT_201.txt
O_CM_01-202.jpg,O_CM_01-GT_202.txt
O_CM_01-204.jpg,O_CM_01-GT_204.txt
O_CM_01-205.jpg,O_CM_01-GT_205.txt
O_CM_01-206.jpg,O_CM_01-GT_206.txt
O_CM_01-207.jpg,O_CM_01-GT_207.txt
O_CM_01-208.jpg,O_CM_01-GT_208.txt
O_CM_01-209.jpg,O_CM_01-GT_209.txt
O_CM_01-211.jpg,O_CM_01-GT_211.txt
O_CM_01-212.jpg,O_CM_01-GT_212.txt
O_CM_01-213.jpg,O_CM_01-GT_213.txt
O_CM_01-214.jpg,O_CM_01-GT_214.txt
O_CM_01-215.jpg,O_CM_01-GT_215.txt
O_CM_01-216.jpg,O_CM_01-GT_216.txt
O_CM_01-217.jpg,O_CM_01-GT_217.txt
O_CM_01-218.jpg,O_CM_01-GT_218.txt
O_CM_01-219.jpg,O_CM_01-GT_219.txt
O_CM_01-221.jpg,O_CM_01-GT_221.txt
O_CM_01-222.jpg,O_CM_01-GT_222.txt
O_CM_01-223.jpg,O_CM_01-GT_223.txt
O_CM_01-224.jpg,O_CM_01-GT_224.txt
O_CM_01-225.jpg,O_CM_01-GT_225.txt
O_CM_01-226.jpg,O_CM_01-GT_226.txt
O_CM_01-227.jpg,O_CM_01-GT_227.txt
O_CM_01-228.jpg,O_CM_01-GT_228.txt
O_CM_01-229.jpg,O_CM_01-GT_229.txt
O_CM_01-230.jpg,O_CM_01-GT_230.txt
O_CM_01-231.jpg,O_CM_01-GT_231.txt
O_CM_01-232.jpg,O_CM_01-GT_232.txt
O_CM_01-233.jpg,O_CM_01-GT_233.txt
O_CM_01-235.jpg,O_CM_01-GT_235.txt
O_CM_01-236.jpg,O_CM_01-GT_236.txt
O_CM_01-237.jpg,O_CM_01-GT_237.txt
O_CM_01-240.jpg,O_CM_01-GT_240.txt
O_CM_01-241.jpg,O_CM_01-GT_241.txt
O_CM_01-242.jpg,O_CM_01-GT_242.txt
O_CM_01-243.jpg,O_CM_01-GT_243.txt
O_CM_01-244.jpg,O_CM_01-GT_244.txt
O_CM_01-245.jpg,O_CM_01-GT_245.txt
O_CM_01-246.jpg,O_CM_01-GT_246.txt
O_CM_01-248.jpg,O_CM_01-GT_248.txt
O_CM_01-249.jpg,O_CM_01-GT_249.txt
O_CM_01-251.jpg,O_CM_01-GT_251.txt
O_CM_01-252.jpg,O_CM_01-GT_252.txt
O_CM_01-253.jpg,O_CM_01-GT_253.txt
O_CM_01-254.jpg,O_CM_01-GT_254.txt
O_CM_01-255.jpg,O_CM_01-GT_255.txt
O_CM_01-256.jpg,O_CM_01-GT_256.txt
O_CM_01-257.jpg,O_CM_01-GT_257.txt
O_CM_01-258.jpg,O_CM_01-GT_258.txt
O_CM_01-259.jpg,O_CM_01-GT_259.txt
O_CM_01-261.jpg,O_CM_01-GT_261.txt
O_CM_01-262.jpg,O_CM_01-GT_262.txt
O_CM_01-263.jpg,O_CM_01-GT_263.txt
O_CM_01-264.jpg,O_CM_01-GT_264.txt
O_CM_01-265.jpg,O_CM_01-GT_265.txt
O_CM_01-266.jpg,O_CM_01-GT_266.txt
O_CM_01-267.jpg,O_CM_01-GT_267.txt
O_CM_01-268.jpg,O_CM_01-GT_268.txt
O_CM_01-269.jpg,O_CM_01-GT_269.txt
O_CM_01-271.jpg,O_CM_01-GT_271.txt
O_CM_01-272.jpg,O_CM_01-GT_272.txt
O_CM_01-273.jpg,O_CM_01-GT_273.txt
O_CM_01-274.jpg,O_CM_01-GT_274.txt
O_CM_01-275.jpg,O_CM_01-GT_275.txt
O_CM_01-276.jpg,O_CM_01-GT_276.txt
O_CM_01-277.jpg,O_CM_01-GT_277.txt
O_CM_01-278.jpg,O_CM_01-GT_278.txt
O_CM_01-279.jpg,O_CM_01-GT_279.txt
O_CM_01-280.jpg,O_CM_01-GT_280.txt
O_CM_01-282.jpg,O_CM_01-GT_282.txt
O_CM_01-283.jpg,O_CM_01-GT_283.txt
O_CM_01-284.jpg,O_CM_01-GT_284.txt
O_CM_01-285.jpg,O_CM_01-GT_285.txt
O_CM_01-286.jpg,O_CM_01-GT_286.txt
O_CM_01-287.jpg,O_CM_01-GT_287.txt
O_CM_01-288.jpg,O_CM_01-GT_288.txt
O_CM_01-289.jpg,O_CM_01-GT_289.txt
O_CM_01-291.jpg,O_CM_01-GT_291.txt
O_CM_01-292.jpg,O_CM_01-GT_292.txt
O_CM_01-293.jpg,O_CM_01-GT_293.txt
O_CM_01-294.jpg,O_CM_01-GT_294.txt
O_CM_01-295.jpg,O_CM_01-GT_295.txt
O_CM_01-296.jpg,O_CM_01-GT_296.txt
O_CM_01-297.jpg,O_CM_01-GT_297.txt
O_CM_01-298.jpg,O_CM_01-GT_298.txt
O_CM_01-299.jpg,O_CM_01-GT_299.txt
O_CM_01-300.jpg,O_CM_01-GT_300.txt
O_CM_01-301.jpg,O_CM_01-GT_301.txt
O_CM_01-302.jpg,O_CM_01-GT_302.txt
O_CM_01-303.jpg,O_CM_01-GT_303.txt
O_CM_01-305.jpg,O_CM_01-GT_305.txt
O_CM_01-306.jpg,O_CM_01-GT_306.txt
O_CM_01-308.jpg,O_CM_01-GT_308.txt
O_CM_01-310.jpg,O_CM_01-GT_310.txt
O_CM_01-311.jpg,O_CM_01-GT_311.txt
O_CM_01-312.jpg,O_CM_01-GT_312.txt
O_CM_01-313.jpg,O_CM_01-GT_313.txt
O_CM_01-314.jpg,O_CM_01-GT_314.txt
O_CM_01-315.jpg,O_CM_01-GT_315.txt
O_CM_01-316.jpg,O_CM_01-GT_316.txt
O_CM_01-317.jpg,O_CM_01-GT_317.txt
O_CM_01-318.jpg,O_CM_01-GT_318.txt
O_CM_01-319.jpg,O_CM_01-GT_319.txt
O_CM_01-321.jpg,O_CM_01-GT_321.txt
O_CM_01-322.jpg,O_CM_01-GT_322.txt
O_CM_01-324.jpg,O_CM_01-GT_324.txt
O_CM_01-325.jpg,O_CM_01-GT_325.txt
O_CM_01-326.jpg,O_CM_01-GT_326.txt
O_CM_01-327.jpg,O_CM_01-GT_327.txt
O_CM_01-328.jpg,O_CM_01-GT_328.txt
O_CM_01-329.jpg,O_CM_01-GT_329.txt
O_CM_01-330.jpg,O_CM_01-GT_330.txt
O_CM_01-331.jpg,O_CM_01-GT_331.txt
O_CM_01-332.jpg,O_CM_01-GT_332.txt
O_CM_01-333.jpg,O_CM_01-GT_333.txt
O_CM_01-334.jpg,O_CM_01-GT_334.txt
O_CM_01-335.jpg,O_CM_01-GT_335.txt
O_CM_01-337.jpg,O_CM_01-GT_337.txt
O_CM_01-338.jpg,O_CM_01-GT_338.txt
O_CM_01-339.jpg,O_CM_01-GT_339.txt
O_CM_01-340.jpg,O_CM_01-GT_340.txt
O_CM_01-341.jpg,O_CM_01-GT_341.txt
O_CM_01-344.jpg,O_CM_01-GT_344.txt
O_CM_01-345.jpg,O_CM_01-GT_345.txt
O_CM_01-346.jpg,O_CM_01-GT_346.txt
O_CM_01-347.jpg,O_CM_01-GT_347.txt
O_CM_01-348.jpg,O_CM_01-GT_348.txt
O_CM_01-349.jpg,O_CM_01-GT_349.txt
O_CM_01-350.jpg,O_CM_01-GT_350.txt
O_CM_01-373.jpg,O_CM_01-GT_373.txt
O_CM_01-374.jpg,O_CM_01-GT_374.txt
O_CM_01-375.jpg,O_CM_01-GT_375.txt
O_CM_01-376.jpg,O_CM_01-GT_376.txt
O_CM_01-378.jpg,O_CM_01-GT_378.txt
O_CM_01-381.jpg,O_CM_01-GT_381.txt
O_CM_01-382.jpg,O_CM_01-GT_382.txt
O_CM_01-384.jpg,O_CM_01-GT_384.txt
O_CM_01-385.jpg,O_CM_01-GT_385.txt
O_CM_01-386.jpg,O_CM_01-GT_386.txt
O_CM_01-387.jpg,O_CM_01-GT_387.txt
O_CM_01-388.jpg,O_CM_01-GT_388.txt
O_CM_01-389.jpg,O_CM_01-GT_389.txt
O_CM_01-390.jpg,O_CM_01-GT_390.txt
O_CM_01-391.jpg,O_CM_01-GT_391.txt
O_CM_01-392.jpg,O_CM_01-GT_392.txt
O_CM_01-393.jpg,O_CM_01-GT_393.txt
O_CM_01-394.jpg,O_CM_01-GT_394.txt
O_CM_01-395.jpg,O_CM_01-GT_395.txt
O_CM_01-396.jpg,O_CM_01-GT_396.txt
O_CM_01-397.jpg,O_CM_01-GT_397.txt
O_CM_01-399.jpg,O_CM_01-GT_399.txt
O_CM_01-400.jpg,O_CM_01-GT_400.txt
O_CM_01-401.jpg,O_CM_01-GT_401.txt
O_CM_01-402.jpg,O_CM_01-GT_402.txt
O_CM_01-403.jpg,O_CM_01-GT_403.txt
O_CM_01-404.jpg,O_CM_01-GT_404.txt
O_CM_01-406.jpg,O_CM_01-GT_406.txt
O_CM_01-407.jpg,O_CM_01-GT_407.txt
O_CM_01-408.jpg,O_CM_01-GT_408.txt
O_CM_01-409.jpg,O_CM_01-GT_409.txt
O_CM_01-410.jpg,O_CM_01-GT_410.txt
O_CM_01-411.jpg,O_CM_01-GT_411.txt
O_CM_01-412.jpg,O_CM_01-GT_412.txt
O_CM_01-413.jpg,O_CM_01-GT_413.txt
O_CM_01-414.jpg,O_CM_01-GT_414.txt
O_CM_01-415.jpg,O_CM_01-GT_415.txt
O_CM_01-416.jpg,O_CM_01-GT_416.txt
O_CM_01-417.jpg,O_CM_01-GT_417.txt
O_CM_01-419.jpg,O_CM_01-GT_419.txt
O_CM_01-420.jpg,O_CM_01-GT_420.txt
O_CM_01-422.jpg,O_CM_01-GT_422.txt
O_CM_01-425.jpg,O_CM_01-GT_425.txt
O_CM_01-426.jpg,O_CM_01-GT_426.txt
O_CM_01-427.jpg,O_CM_01-GT_427.txt
O_CM_01-428.jpg,O_CM_01-GT_428.txt
O_CM_01-429.jpg,O_CM_01-GT_429.txt
O_CM_01-430.jpg,O_CM_01-GT_430.txt
O_CM_01-431.jpg,O_CM_01-GT_431.txt
O_CM_01-432.jpg,O_CM_01-GT_432.txt
O_CM_01-433.jpg,O_CM_01-GT_433.txt
O_CM_01-435.jpg,O_CM_01-GT_435.txt
O_CM_01-436.jpg,O_CM_01-GT_436.txt
O_CM_01-437.jpg,O_CM_01-GT_437.txt
O_CM_01-438.jpg,O_CM_01-GT_438.txt
O_CM_01-439.jpg,O_CM_01-GT_439.txt
O_CM_01-440.jpg,O_CM_01-GT_440.txt
O_CM_01-441.jpg,O_CM_01-GT_441.txt
O_CM_01-442.jpg,O_CM_01-GT_442.txt
O_CM_01-443.jpg,O_CM_01-GT_443.txt
O_CM_01-444.jpg,O_CM_01-GT_444.txt
O_CM_01-445.jpg,O_CM_01-GT_445.txt
O_CM_01-446.jpg,O_CM_01-GT_446.txt
O_CM_01-447.jpg,O_CM_01-GT_447.txt
O_CM_01-448.jpg,O_CM_01-GT_448.txt
O_CM_01-449.jpg,O_CM_01-GT_449.txt
O_CM_01-450.jpg,O_CM_01-GT_450.txt
O_CM_01-451.jpg,O_CM_01-GT_451.txt
O_CM_01-452.jpg,O_CM_01-GT_452.txt
O_CM_01-453.jpg,O_CM_01-GT_453.txt
O_CM_01-454.jpg,O_CM_01-GT_454.txt
O_CM_01-455.jpg,O_CM_01-GT_455.txt
O_CM_01-459.jpg,O_CM_01-GT_459.txt
O_CM_01-460.jpg,O_CM_01-GT_460.txt
O_CM_01-461.jpg,O_CM_01-GT_461.txt
O_CM_01-462.jpg,O_CM_01-GT_462.txt
O_CM_01-463.jpg,O_CM_01-GT_463.txt
O_CM_01-465.jpg,O_CM_01-GT_465.txt
O_CM_01-466.jpg,O_CM_01-GT_466.txt
O_CM_01-468.jpg,O_CM_01-GT_468.txt
O_CM_01-469.jpg,O_CM_01-GT_469.txt
O_CM_01-470.jpg,O_CM_01-GT_470.txt
O_CM_01-471.jpg,O_CM_01-GT_471.txt
O_CM_01-473.jpg,O_CM_01-GT_473.txt
O_CM_01-474.jpg,O_CM_01-GT_474.txt
O_CM_01-475.jpg,O_CM_01-GT_475.txt
O_CM_01-476.jpg,O_CM_01-GT_476.txt
O_CM_01-478.jpg,O_CM_01-GT_478.txt
O_CM_01-479.jpg,O_CM_01-GT_479.txt
O_CM_01-480.jpg,O_CM_01-GT_480.txt
O_CM_01-481.jpg,O_CM_01-GT_481.txt
O_CM_01-482.jpg,O_CM_01-GT_482.txt
O_CM_01-483.jpg,O_CM_01-GT_483.txt
O_CM_01-484.jpg,O_CM_01-GT_484.txt
O_CM_01-485.jpg,O_CM_01-GT_485.txt
O_CM_01-486.jpg,O_CM_01-GT_486.txt
O_CM_01-487.jpg,O_CM_01-GT_487.txt
O_CM_01-488.jpg,O_CM_01-GT_488.txt
O_CM_01-489.jpg,O_CM_01-GT_489.txt
O_CM_01-490.jpg,O_CM_01-GT_490.txt
O_CM_01-491.jpg,O_CM_01-GT_491.txt
O_CM_01-492.jpg,O_CM_01-GT_492.txt
O_CM_01-493.jpg,O_CM_01-GT_493.txt
O_CM_01-494.jpg,O_CM_01-GT_494.txt
O_CM_01-496.jpg,O_CM_01-GT_496.txt
O_CM_01-498.jpg,O_CM_01-GT_498.txt
O_CM_01-499.jpg,O_CM_01-GT_499.txt
O_CM_01-500.jpg,O_CM_01-GT_500.txt
O_CM_01-501.jpg,O_CM_01-GT_501.txt
O_CM_01-502.jpg,O_CM_01-GT_502.txt
O_CM_01-503.jpg,O_CM_01-GT_503.txt
O_CM_01-504.jpg,O_CM_01-GT_504.txt
O_CM_01-505.jpg,O_CM_01-GT_505.txt
O_CT_01-000.jpg,O_CT_01-GT_000.txt
O_CT_01-001.jpg,O_CT_01-GT_001.txt
O_CT_01-002.jpg,O_CT_01-GT_002.txt
O_CT_01-003.jpg,O_CT_01-GT_003.txt
O_CT_01-004.jpg,O_CT_01-GT_004.txt
O_CT_01-005.jpg,O_CT_01-GT_005.txt
O_CT_01-006.jpg,O_CT_01-GT_006.txt
O_CT_01-007.jpg,O_CT_01-GT_007.txt
O_CT_01-008.jpg,O_CT_01-GT_008.txt
O_CT_01-009.jpg,O_CT_01-GT_009.txt
O_CT_01-010.jpg,O_CT_01-GT_010.txt
O_CT_01-011.jpg,O_CT_01-GT_011.txt
O_CT_01-012.jpg,O_CT_01-GT_012.txt
O_CT_01-013.jpg,O_CT_01-GT_013.txt
O_CT_01-015.jpg,O_CT_01-GT_015.txt
O_CT_01-017.jpg,O_CT_01-GT_017.txt
O_CT_01-018.jpg,O_CT_01-GT_018.txt
O_CT_01-019.jpg,O_CT_01-GT_019.txt
O_CT_01-020.jpg,O_CT_01-GT_020.txt
O_CT_01-021.jpg,O_CT_01-GT_021.txt
O_CT_01-023.jpg,O_CT_01-GT_023.txt
O_CT_01-024.jpg,O_CT_01-GT_024.txt
O_CT_01-025.jpg,O_CT_01-GT_025.txt
O_CT_01-026.jpg,O_CT_01-GT_026.txt
O_CT_01-035.jpg,O_CT_01-GT_035.txt
O_CT_01-036.jpg,O_CT_01-GT_036.txt
O_CT_01-037.jpg,O_CT_01-GT_037.txt
O_CT_01-038.jpg,O_CT_01-GT_038.txt
O_CT_01-039.jpg,O_CT_01-GT_039.txt
O_CT_01-040.jpg,O_CT_01-GT_040.txt
O_CT_01-041.jpg,O_CT_01-GT_041.txt
O_CT_01-043.jpg,O_CT_01-GT_043.txt
O_CT_01-045.jpg,O_CT_01-GT_045.txt
O_CT_01-047.jpg,O_CT_01-GT_047.txt
O_CT_01-049.jpg,O_CT_01-GT_049.txt
O_CT_01-050.jpg,O_CT_01-GT_050.txt
O_CT_01-051.jpg,O_CT_01-GT_051.txt
O_CT_01-052.jpg,O_CT_01-GT_052.txt
O_CT_01-053.jpg,O_CT_01-GT_053.txt
O_CT_01-069.jpg,O_CT_01-GT_069.txt
O_CT_01-070.jpg,O_CT_01-GT_070.txt
O_CT_01-071.jpg,O_CT_01-GT_071.txt
O_CT_01-072.jpg,O_CT_01-GT_072.txt
O_CT_01-073.jpg,O_CT_01-GT_073.txt
O_CT_01-074.jpg,O_CT_01-GT_074.txt
O_CT_01-075.jpg,O_CT_01-GT_075.txt
O_CT_01-076.jpg,O_CT_01-GT_076.txt
O_CT_01-077.jpg,O_CT_01-GT_077.txt
O_CT_01-078.jpg,O_CT_01-GT_078.txt
O_CT_01-079.jpg,O_CT_01-GT_079.txt
O_CT_01-080.jpg,O_CT_01-GT_080.txt
O_CT_01-081.jpg,O_CT_01-GT_081.txt
O_CT_01-082.jpg,O_CT_01-GT_082.txt
O_CT_01-083.jpg,O_CT_01-GT_083.txt
O_CT_01-085.jpg,O_CT_01-GT_085.txt
O_CT_01-086.jpg,O_CT_01-GT_086.txt
O_CT_01-087.jpg,O_CT_01-GT_087.txt
O_CT_01-105.jpg,O_CT_01-GT_105.txt
O_CT_01-106.jpg,O_CT_01-GT_106.txt
O_CT_01-107.jpg,O_CT_01-GT_107.txt
O_CT_01-108.jpg,O_CT_01-GT_108.txt
O_CT_01-109.jpg,O_CT_01-GT_109.txt
O_CT_01-110.jpg,O_CT_01-GT_110.txt
O_CT_01-111.jpg,O_CT_01-GT_111.txt
O_CT_01-112.jpg,O_CT_01-GT_112.txt
O_CT_01-113.jpg,O_CT_01-GT_113.txt
O_CT_01-114.jpg,O_CT_01-GT_114.txt
O_CT_01-115.jpg,O_CT_01-GT_115.txt
O_CT_01-116.jpg,O_CT_01-GT_116.txt
O_CT_01-118.jpg,O_CT_01-GT_118.txt
O_CT_01-119.jpg,O_CT_01-GT_119.txt
O_CT_01-120.jpg,O_CT_01-GT_120.txt
O_CT_01-121.jpg,O_CT_01-GT_121.txt
O_CT_01-122.jpg,O_CT_01-GT_122.txt
O_CT_01-123.jpg,O_CT_01-GT_123.txt
O_CT_01-124.jpg,O_CT_01-GT_124.txt
O_CT_01-125.jpg,O_CT_01-GT_125.txt
O_CT_01-143.jpg,O_CT_01-GT_143.txt
O_CT_01-145.jpg,O_CT_01-GT_145.txt
O_CT_01-146.jpg,O_CT_01-GT_146.txt
O_CT_01-147.jpg,O_CT_01-GT_147.txt
O_CT_01-148.jpg,O_CT_01-GT_148.txt
O_CT_01-150.jpg,O_CT_01-GT_150.txt
O_CT_01-151.jpg,O_CT_01-GT_151.txt
O_CT_01-153.jpg,O_CT_01-GT_153.txt
O_CT_01-154.jpg,O_CT_01-GT_154.txt
O_CT_01-155.jpg,O_CT_01-GT_155.txt
O_CT_01-156.jpg,O_CT_01-GT_156.txt
O_CT_01-157.jpg,O_CT_01-GT_157.txt
O_CT_01-158.jpg,O_CT_01-GT_158.txt
O_CT_01-159.jpg,O_CT_01-GT_159.txt
O_CT_01-160.jpg,O_CT_01-GT_160.txt
O_CT_01-161.jpg,O_CT_01-GT_161.txt
O_CT_01-162.jpg,O_CT_01-GT_162.txt
O_CT_01-163.jpg,O_CT_01-GT_163.txt
O_CT_01-164.jpg,O_CT_01-GT_164.txt
O_CT_01-165.jpg,O_CT_01-GT_165.txt
O_CT_01-183.jpg,O_CT_01-GT_183.txt
O_CT_01-184.jpg,O_CT_01-GT_184.txt
O_CT_01-185.jpg,O_CT_01-GT_185.txt
O_CT_01-186.jpg,O_CT_01-GT_186.txt
O_CT_01-187.jpg,O_CT_01-GT_187.txt
O_CT_01-188.jpg,O_CT_01-GT_188.txt
O_CT_01-189.jpg,O_CT_01-GT_189.txt
O_CT_01-191.jpg,O_CT_01-GT_191.txt
O_CT_01-192.jpg,O_CT_01-GT_192.txt
O_CT_01-193.jpg,O_CT_01-GT_193.txt
O_CT_01-194.jpg,O_CT_01-GT_194.txt
O_CT_01-195.jpg,O_CT_01-GT_195.txt
O_CT_01-197.jpg,O_CT_01-GT_197.txt
O_CT_01-198.jpg,O_CT_01-GT_198.txt
O_CT_01-200.jpg,O_CT_01-GT_200.txt
O_CT_01-201.jpg,O_CT_01-GT_201.txt
O_CT_01-202.jpg,O_CT_01-GT_202.txt
O_CT_01-203.jpg,O_CT_01-GT_203.txt
O_CT_01-204.jpg,O_CT_01-GT_204.txt
O_CT_01-205.jpg,O_CT_01-GT_205.txt
O_CT_01-206.jpg,O_CT_01-GT_206.txt
O_CT_01-211.jpg,O_CT_01-GT_211.txt
O_CT_01-212.jpg,O_CT_01-GT_212.txt
O_CT_01-213.jpg,O_CT_01-GT_213.txt
O_CT_01-214.jpg,O_CT_01-GT_214.txt
O_CT_01-215.jpg,O_CT_01-GT_215.txt
O_CT_01-216.jpg,O_CT_01-GT_216.txt
O_CT_01-217.jpg,O_CT_01-GT_217.txt
O_CT_01-218.jpg,O_CT_01-GT_218.txt
O_CT_01-219.jpg,O_CT_01-GT_219.txt
O_CT_01-220.jpg,O_CT_01-GT_220.txt
O_CT_01-221.jpg,O_CT_01-GT_221.txt
O_CT_01-223.jpg,O_CT_01-GT_223.txt
O_CT_01-224.jpg,O_CT_01-GT_224.txt
O_CT_01-225.jpg,O_CT_01-GT_225.txt
O_CT_01-227.jpg,O_CT_01-GT_227.txt
O_CT_01-228.jpg,O_CT_01-GT_228.txt
O_CT_01-229.jpg,O_CT_01-GT_229.txt
O_CT_01-230.jpg,O_CT_01-GT_230.txt
O_CT_01-231.jpg,O_CT_01-GT_231.txt
O_CT_01-245.jpg,O_CT_01-GT_245.txt
O_CT_01-246.jpg,O_CT_01-GT_246.txt
O_CT_01-248.jpg,O_CT_01-GT_248.txt
O_CT_01-249.jpg,O_CT_01-GT_249.txt
O_CT_01-250.jpg,O_CT_01-GT_250.txt
O_CT_01-251.jpg,O_CT_01-GT_251.txt
O_CT_01-252.jpg,O_CT_01-GT_252.txt
O_CT_01-253.jpg,O_CT_01-GT_253.txt
O_CT_01-255.jpg,O_CT_01-GT_255.txt
O_CT_01-256.jpg,O_CT_01-GT_256.txt
O_CT_01-257.jpg,O_CT_01-GT_257.txt
O_CT_01-258.jpg,O_CT_01-GT_258.txt
O_CT_01-259.jpg,O_CT_01-GT_259.txt
O_CT_01-260.jpg,O_CT_01-GT_260.txt
O_CT_01-261.jpg,O_CT_01-GT_261.txt
O_CT_01-262.jpg,O_CT_01-GT_262.txt
O_CT_01-263.jpg,O_CT_01-GT_263.txt
O_CT_01-264.jpg,O_CT_01-GT_264.txt
O_CT_01-265.jpg,O_CT_01-GT_265.txt
O_CT_01-266.jpg,O_CT_01-GT_266.txt
O_CT_01-284.jpg,O_CT_01-GT_284.txt
O_CT_01-285.jpg,O_CT_01-GT_285.txt
O_CT_01-286.jpg,O_CT_01-GT_286.txt
O_CT_01-287.jpg,O_CT_01-GT_287.txt
O_CT_01-288.jpg,O_CT_01-GT_288.txt
O_CT_01-289.jpg,O_CT_01-GT_289.txt
O_CT_01-290.jpg,O_CT_01-GT_290.txt
O_CT_01-291.jpg,O_CT_01-GT_291.txt
O_CT_01-292.jpg,O_CT_01-GT_292.txt
O_CT_01-293.jpg,O_CT_01-GT_293.txt
O_CT_01-294.jpg,O_CT_01-GT_294.txt
O_CT_01-296.jpg,O_CT_01-GT_296.txt
O_CT_01-297.jpg,O_CT_01-GT_297.txt
O_CT_01-300.jpg,O_CT_01-GT_300.txt
O_CT_01-301.jpg,O_CT_01-GT_301.txt
O_CT_01-302.jpg,O_CT_01-GT_302.txt
O_CT_01-303.jpg,O_CT_01-GT_303.txt
O_CT_01-305.jpg,O_CT_01-GT_305.txt
O_CT_01-332.jpg,O_CT_01-GT_332.txt
O_CT_01-333.jpg,O_CT_01-GT_333.txt
O_CT_01-334.jpg,O_CT_01-GT_334.txt
O_CT_01-336.jpg,O_CT_01-GT_336.txt
O_CT_01-337.jpg,O_CT_01-GT_337.txt
O_CT_01-338.jpg,O_CT_01-GT_338.txt
O_CT_01-339.jpg,O_CT_01-GT_339.txt
O_CT_01-340.jpg,O_CT_01-GT_340.txt
O_CT_01-341.jpg,O_CT_01-GT_341.txt
O_CT_01-342.jpg,O_CT_01-GT_342.txt
O_CT_01-343.jpg,O_CT_01-GT_343.txt
O_CT_01-344.jpg,O_CT_01-GT_344.txt
O_CT_01-345.jpg,O_CT_01-GT_345.txt
O_CT_01-346.jpg,O_CT_01-GT_346.txt
O_CT_01-347.jpg,O_CT_01-GT_347.txt
O_CT_01-348.jpg,O_CT_01-GT_348.txt
O_CT_01-349.jpg,O_CT_01-GT_349.txt
O_CT_01-350.jpg,O_CT_01-GT_350.txt
O_CT_01-383.jpg,O_CT_01-GT_383.txt
O_CT_01-384.jpg,O_CT_01-GT_384.txt
O_CT_01-385.jpg,O_CT_01-GT_385.txt
O_CT_01-386.jpg,O_CT_01-GT_386.txt
O_CT_01-387.jpg,O_CT_01-GT_387.txt
O_CT_01-388.jpg,O_CT_01-GT_388.txt
O_CT_01-389.jpg,O_CT_01-GT_389.txt
O_CT_01-391.jpg,O_CT_01-GT_391.txt
O_CT_01-392.jpg,O_CT_01-GT_392.txt
O_CT_01-393.jpg,O_CT_01-GT_393.txt
O_CT_01-394.jpg,O_CT_01-GT_394.txt
O_CT_01-395.jpg,O_CT_01-GT_395.txt
O_CT_01-396.jpg,O_CT_01-GT_396.txt
O_CT_01-397.jpg,O_CT_01-GT_397.txt
O_CT_01-398.jpg,O_CT_01-GT_398.txt
O_CT_01-399.jpg,O_CT_01-GT_399.txt
O_CT_01-400.jpg,O_CT_01-GT_400.txt
O_CT_01-418.jpg,O_CT_01-GT_418.txt
O_CT_01-419.jpg,O_CT_01-GT_419.txt
O_CT_01-421.jpg,O_CT_01-GT_421.txt
O_CT_01-424.jpg,O_CT_01-GT_424.txt
O_CT_01-426.jpg,O_CT_01-GT_426.txt
O_CT_01-427.jpg,O_CT_01-GT_427.txt
O_CT_01-428.jpg,O_CT_01-GT_428.txt
O_CT_01-429.jpg,O_CT_01-GT_429.txt
O_CT_01-430.jpg,O_CT_01-GT_430.txt
O_CT_01-431.jpg,O_CT_01-GT_431.txt
O_CT_01-432.jpg,O_CT_01-GT_432.txt
O_CT_01-433.jpg,O_CT_01-GT_433.txt
O_CT_01-434.jpg,O_CT_01-GT_434.txt
O_CT_01-435.jpg,O_CT_01-GT_435.txt
O_CT_01-436.jpg,O_CT_01-GT_436.txt
O_CT_01-454.jpg,O_CT_01-GT_454.txt
O_CT_01-455.jpg,O_CT_01-GT_455.txt
O_CT_01-456.jpg,O_CT_01-GT_456.txt
O_CT_01-457.jpg,O_CT_01-GT_457.txt
O_CT_01-459.jpg,O_CT_01-GT_459.txt
O_CT_01-460.jpg,O_CT_01-GT_460.txt
O_CT_01-461.jpg,O_CT_01-GT_461.txt
O_CT_01-462.jpg,O_CT_01-GT_462.txt
O_CT_01-463.jpg,O_CT_01-GT_463.txt
O_CT_01-464.jpg,O_CT_01-GT_464.txt
O_CT_01-465.jpg,O_CT_01-GT_465.txt
O_CT_01-466.jpg,O_CT_01-GT_466.txt
O_CT_01-467.jpg,O_CT_01-GT_467.txt
O_CT_01-468.jpg,O_CT_01-GT_468.txt
O_CT_01-469.jpg,O_CT_01-GT_469.txt
O_CT_01-470.jpg,O_CT_01-GT_470.txt
O_CT_01-471.jpg,O_CT_01-GT_471.txt
O_CT_01-472.jpg,O_CT_01-GT_472.txt
O_CT_01-473.jpg,O_CT_01-GT_473.txt
O_CT_01-494.jpg,O_CT_01-GT_494.txt
O_CT_01-495.jpg,O_CT_01-GT_495.txt
O_CT_01-496.jpg,O_CT_01-GT_496.txt
O_CT_01-497.jpg,O_CT_01-GT_497.txt
O_CT_01-498.jpg,O_CT_01-GT_498.txt
O_CT_01-501.jpg,O_CT_01-GT_501.txt
O_CT_01-503.jpg,O_CT_01-GT_503.txt
O_CT_01-504.jpg,O_CT_01-GT_504.txt
O_CT_01-505.jpg,O_CT_01-GT_505.txt
O_CT_01-506.jpg,O_CT_01-GT_506.txt
O_CT_01-507.jpg,O_CT_01-GT_507.txt
O_CT_01-522.jpg,O_CT_01-GT_522.txt
O_CT_01-523.jpg,O_CT_01-GT_523.txt
O_CT_01-524.jpg,O_CT_01-GT_524.txt
O_CT_01-525.jpg,O_CT_01-GT_525.txt
O_CT_01-526.jpg,O_CT_01-GT_526.txt
O_CT_01-527.jpg,O_CT_01-GT_527.txt
O_CT_01-528.jpg,O_CT_01-GT_528.txt
O_CT_01-530.jpg,O_CT_01-GT_530.txt
O_CT_01-531.jpg,O_CT_01-GT_531.txt
O_CT_01-532.jpg,O_CT_01-GT_532.txt
O_CT_01-533.jpg,O_CT_01-GT_533.txt
O_CT_01-534.jpg,O_CT_01-GT_534.txt
O_CT_01-535.jpg,O_CT_01-GT_535.txt
O_CT_01-537.jpg,O_CT_01-GT_537.txt
O_CT_01-538.jpg,O_CT_01-GT_538.txt
O_CT_01-540.jpg,O_CT_01-GT_540.txt
O_CT_01-541.jpg,O_CT_01-GT_541.txt
O_CT_01-543.jpg,O_CT_01-GT_543.txt
O_CT_01-544.jpg,O_CT_01-GT_544.txt
O_CT_01-546.jpg,O_CT_01-GT_546.txt
O_CT_01-547.jpg,O_CT_01-GT_547.txt
O_CT_01-562.jpg,O_CT_01-GT_562.txt
O_CT_01-563.jpg,O_CT_01-GT_563.txt
O_CT_01-564.jpg,O_CT_01-GT_564.txt
O_CT_01-565.jpg,O_CT_01-GT_565.txt
O_CT_01-566.jpg,O_CT_01-GT_566.txt
O_CT_01-568.jpg,O_CT_01-GT_568.txt
O_CT_01-569.jpg,O_CT_01-GT_569.txt
O_CT_01-570.jpg,O_CT_01-GT_570.txt
O_CT_01-571.jpg,O_CT_01-GT_571.txt
O_CT_01-572.jpg,O_CT_01-GT_572.txt
O_OF_01-000.jpg,O_OF_01-GT_000.txt
O_OF_01-001.jpg,O_OF_01-GT_001.txt
O_OF_01-002.jpg,O_OF_01-GT_002.txt
O_OF_01-004.jpg,O_OF_01-GT_004.txt
O_OF_01-005.jpg,O_OF_01-GT_005.txt
O_OF_01-006.jpg,O_OF_01-GT_006.txt
O_OF_01-008.jpg,O_OF_01-GT_008.txt
O_OF_01-009.jpg,O_OF_01-GT_009.txt
O_OF_01-010.jpg,O_OF_01-GT_010.txt
O_OF_01-011.jpg,O_OF_01-GT_011.txt
O_OF_01-012.jpg,O_OF_01-GT_012.txt
O_OF_01-013.jpg,O_OF_01-GT_013.txt
O_OF_01-014.jpg,O_OF_01-GT_014.txt
O_OF_01-015.jpg,O_OF_01-GT_015.txt
O_OF_01-016.jpg,O_OF_01-GT_016.txt
O_OF_01-017.jpg,O_OF_01-GT_017.txt
O_OF_01-018.jpg,O_OF_01-GT_018.txt
O_OF_01-043.jpg,O_OF_01-GT_043.txt
O_OF_01-044.jpg,O_OF_01-GT_044.txt
O_OF_01-045.jpg,O_OF_01-GT_045.txt
O_OF_01-046.jpg,O_OF_01-GT_046.txt
O_OF_01-047.jpg,O_OF_01-GT_047.txt
O_OF_01-048.jpg,O_OF_01-GT_048.txt
O_OF_01-049.jpg,O_OF_01-GT_049.txt
O_OF_01-050.jpg,O_OF_01-GT_050.txt
O_OF_01-051.jpg,O_OF_01-GT_051.txt
O_OF_01-052.jpg,O_OF_01-GT_052.txt
O_OF_01-053.jpg,O_OF_01-GT_053.txt
O_OF_01-054.jpg,O_OF_01-GT_054.txt
O_OF_01-055.jpg,O_OF_01-GT_055.txt
O_OF_01-056.jpg,O_OF_01-GT_056.txt
O_OF_01-058.jpg,O_OF_01-GT_058.txt
O_OF_01-059.jpg,O_OF_01-GT_059.txt
O_OF_01-060.jpg,O_OF_01-GT_060.txt
O_OF_01-061.jpg,O_OF_01-GT_061.txt
O_OF_01-062.jpg,O_OF_01-GT_062.txt
O_OF_01-065.jpg,O_OF_01-GT_065.txt
O_OF_01-066.jpg,O_OF_01-GT_066.txt
O_OF_01-067.jpg,O_OF_01-GT_067.txt
O_OF_01-068.jpg,O_OF_01-GT_068.txt
O_OF_01-069.jpg,O_OF_01-GT_069.txt
O_OF_01-071.jpg,O_OF_01-GT_071.txt
O_OF_01-072.jpg,O_OF_01-GT_072.txt
O_OF_01-073.jpg,O_OF_01-GT_073.txt
O_OF_01-074.jpg,O_OF_01-GT_074.txt
O_OF_01-075.jpg,O_OF_01-GT_075.txt
O_OF_01-076.jpg,O_OF_01-GT_076.txt
O_OF_01-077.jpg,O_OF_01-GT_077.txt
O_OF_01-078.jpg,O_OF_01-GT_078.txt
O_OF_01-079.jpg,O_OF_01-GT_079.txt
O_OF_01-080.jpg,O_OF_01-GT_080.txt
O_OF_01-081.jpg,O_OF_01-GT_081.txt
O_OF_01-082.jpg,O_OF_01-GT_082.txt
O_OF_01-083.jpg,O_OF_01-GT_083.txt
O_OF_01-084.jpg,O_OF_01-GT_084.txt
O_OF_01-085.jpg,O_OF_01-GT_085.txt
O_OF_01-086.jpg,O_OF_01-GT_086.txt
O_OF_01-087.jpg,O_OF_01-GT_087.txt
O_OF_01-088.jpg,O_OF_01-GT_088.txt
O_OF_01-089.jpg,O_OF_01-GT_089.txt
O_OF_01-090.jpg,O_OF_01-GT_090.txt
O_OF_01-091.jpg,O_OF_01-GT_091.txt
O_OF_01-093.jpg,O_OF_01-GT_093.txt
O_OF_01-095.jpg,O_OF_01-GT_095.txt
O_OF_01-096.jpg,O_OF_01-GT_096.txt
O_OF_01-097.jpg,O_OF_01-GT_097.txt
O_OF_01-098.jpg,O_OF_01-GT_098.txt
O_OF_01-099.jpg,O_OF_01-GT_099.txt
O_OF_01-100.jpg,O_OF_01-GT_100.txt
O_OF_01-101.jpg,O_OF_01-GT_101.txt
O_OF_01-102.jpg,O_OF_01-GT_102.txt
O_OF_01-103.jpg,O_OF_01-GT_103.txt
O_OF_01-104.jpg,O_OF_01-GT_104.txt
O_OF_01-105.jpg,O_OF_01-GT_105.txt
O_OF_01-107.jpg,O_OF_01-GT_107.txt
O_OF_01-108.jpg,O_OF_01-GT_108.txt
O_OF_01-109.jpg,O_OF_01-GT_109.txt
O_OF_01-110.jpg,O_OF_01-GT_110.txt
O_OF_01-111.jpg,O_OF_01-GT_111.txt
O_OF_01-112.jpg,O_OF_01-GT_112.txt
O_OF_01-113.jpg,O_OF_01-GT_113.txt
O_OF_01-114.jpg,O_OF_01-GT_114.txt
O_OF_01-116.jpg,O_OF_01-GT_116.txt
O_OF_01-117.jpg,O_OF_01-GT_117.txt
O_OF_01-118.jpg,O_OF_01-GT_118.txt
O_OF_01-119.jpg,O_OF_01-GT_119.txt
O_OF_01-120.jpg,O_OF_01-GT_120.txt
O_OF_01-121.jpg,O_OF_01-GT_121.txt
O_OF_01-122.jpg,O_OF_01-GT_122.txt
O_OF_01-123.jpg,O_OF_01-GT_123.txt
O_OF_01-124.jpg,O_OF_01-GT_124.txt
O_OF_01-125.jpg,O_OF_01-GT_125.txt
O_OF_01-127.jpg,O_OF_01-GT_127.txt
O_OF_01-128.jpg,O_OF_01-GT_128.txt
O_OF_01-129.jpg,O_OF_01-GT_129.txt
O_OF_01-130.jpg,O_OF_01-GT_130.txt
O_OF_01-131.jpg,O_OF_01-GT_131.txt
O_OF_01-132.jpg,O_OF_01-GT_132.txt
O_OF_01-133.jpg,O_OF_01-GT_133.txt
O_OF_01-136.jpg,O_OF_01-GT_136.txt
O_OF_01-137.jpg,O_OF_01-GT_137.txt
O_OF_01-139.jpg,O_OF_01-GT_139.txt
O_OF_01-140.jpg,O_OF_01-GT_140.txt
O_OF_01-141.jpg,O_OF_01-GT_141.txt
O_OF_01-143.jpg,O_OF_01-GT_143.txt
O_OF_01-144.jpg,O_OF_01-GT_144.txt
O_OF_01-145.jpg,O_OF_01-GT_145.txt
O_OF_01-147.jpg,O_OF_01-GT_147.txt
O_OF_01-148.jpg,O_OF_01-GT_148.txt
O_OF_01-153.jpg,O_OF_01-GT_153.txt
O_OF_01-154.jpg,O_OF_01-GT_154.txt
O_OF_01-155.jpg,O_OF_01-GT_155.txt
O_OF_01-157.jpg,O_OF_01-GT_157.txt
O_OF_01-158.jpg,O_OF_01-GT_158.txt
O_OF_01-159.jpg,O_OF_01-GT_159.txt
O_OF_01-160.jpg,O_OF_01-GT_160.txt
O_OF_01-161.jpg,O_OF_01-GT_161.txt
O_OF_01-162.jpg,O_OF_01-GT_162.txt
O_OF_01-164.jpg,O_OF_01-GT_164.txt
O_OF_01-165.jpg,O_OF_01-GT_165.txt
O_OF_01-166.jpg,O_OF_01-GT_166.txt
O_OF_01-167.jpg,O_OF_01-GT_167.txt
O_OF_01-168.jpg,O_OF_01-GT_168.txt
O_OF_01-169.jpg,O_OF_01-GT_169.txt
O_OF_01-170.jpg,O_OF_01-GT_170.txt
O_OF_01-171.jpg,O_OF_01-GT_171.txt
O_OF_01-172.jpg,O_OF_01-GT_172.txt
O_OF_01-174.jpg,O_OF_01-GT_174.txt
O_OF_01-175.jpg,O_OF_01-GT_175.txt
O_OF_01-176.jpg,O_OF_01-GT_176.txt
O_OF_01-177.jpg,O_OF_01-GT_177.txt
O_OF_01-178.jpg,O_OF_01-GT_178.txt
O_OF_01-179.jpg,O_OF_01-GT_179.txt
O_OF_01-180.jpg,O_OF_01-GT_180.txt
O_OF_01-181.jpg,O_OF_01-GT_181.txt
O_OF_01-182.jpg,O_OF_01-GT_182.txt
O_OF_01-183.jpg,O_OF_01-GT_183.txt
O_OF_01-184.jpg,O_OF_01-GT_184.txt
O_OF_01-186.jpg,O_OF_01-GT_186.txt
O_OF_01-188.jpg,O_OF_01-GT_188.txt
O_OF_01-189.jpg,O_OF_01-GT_189.txt
O_OF_01-190.jpg,O_OF_01-GT_190.txt
O_OF_01-191.jpg,O_OF_01-GT_191.txt
O_OF_01-192.jpg,O_OF_01-GT_192.txt
O_OF_01-193.jpg,O_OF_01-GT_193.txt
O_OF_01-194.jpg,O_OF_01-GT_194.txt
O_OF_01-196.jpg,O_OF_01-GT_196.txt
O_OF_01-197.jpg,O_OF_01-GT_197.txt
O_OF_01-198.jpg,O_OF_01-GT_198.txt
O_OF_01-199.jpg,O_OF_01-GT_199.txt
O_OF_01-200.jpg,O_OF_01-GT_200.txt
O_OF_01-201.jpg,O_OF_01-GT_201.txt
O_OF_01-202.jpg,O_OF_01-GT_202.txt
O_OF_01-203.jpg,O_OF_01-GT_203.txt
O_OF_01-204.jpg,O_OF_01-GT_204.txt
O_OF_01-206.jpg,O_OF_01-GT_206.txt
O_OF_01-207.jpg,O_OF_01-GT_207.txt
O_OF_01-208.jpg,O_OF_01-GT_208.txt
O_OF_01-209.jpg,O_OF_01-GT_209.txt
O_OF_01-210.jpg,O_OF_01-GT_210.txt
O_OF_01-211.jpg,O_OF_01-GT_211.txt
O_OF_01-213.jpg,O_OF_01-GT_213.txt
O_OF_01-214.jpg,O_OF_01-GT_214.txt
O_OF_01-215.jpg,O_OF_01-GT_215.txt
O_OF_01-216.jpg,O_OF_01-GT_216.txt
O_OF_01-217.jpg,O_OF_01-GT_217.txt
O_OF_01-218.jpg,O_OF_01-GT_218.txt
O_OF_01-219.jpg,O_OF_01-GT_219.txt
O_OF_01-220.jpg,O_OF_01-GT_220.txt
O_OF_01-221.jpg,O_OF_01-GT_221.txt
O_OF_01-222.jpg,O_OF_01-GT_222.txt
O_OF_01-223.jpg,O_OF_01-GT_223.txt
O_OF_01-224.jpg,O_OF_01-GT_224.txt
O_OF_01-225.jpg,O_OF_01-GT_225.txt
O_OF_01-226.jpg,O_OF_01-GT_226.txt
O_OF_01-227.jpg,O_OF_01-GT_227.txt
O_OF_01-228.jpg,O_OF_01-GT_228.txt
O_OF_01-229.jpg,O_OF_01-GT_229.txt
O_OF_01-230.jpg,O_OF_01-GT_230.txt
O_OF_01-231.jpg,O_OF_01-GT_231.txt
O_OF_01-232.jpg,O_OF_01-GT_232.txt
O_OF_01-233.jpg,O_OF_01-GT_233.txt
O_OF_01-234.jpg,O_OF_01-GT_234.txt
O_OF_01-235.jpg,O_OF_01-GT_235.txt
O_OF_01-236.jpg,O_OF_01-GT_236.txt
O_OF_01-237.jpg,O_OF_01-GT_237.txt
O_OF_01-238.jpg,O_OF_01-GT_238.txt
O_OF_01-239.jpg,O_OF_01-GT_239.txt
O_OF_01-240.jpg,O_OF_01-GT_240.txt
O_OF_01-241.jpg,O_OF_01-GT_241.txt
O_OF_01-242.jpg,O_OF_01-GT_242.txt
O_OF_01-243.jpg,O_OF_01-GT_243.txt
O_OF_01-244.jpg,O_OF_01-GT_244.txt
O_OF_01-245.jpg,O_OF_01-GT_245.txt
O_OF_01-246.jpg,O_OF_01-GT_246.txt
O_OF_01-247.jpg,O_OF_01-GT_247.txt
O_OF_01-248.jpg,O_OF_01-GT_248.txt
O_OF_01-249.jpg,O_OF_01-GT_249.txt
O_OF_01-250.jpg,O_OF_01-GT_250.txt
O_OF_01-251.jpg,O_OF_01-GT_251.txt
O_OF_01-252.jpg,O_OF_01-GT_252.txt
O_OF_01-253.jpg,O_OF_01-GT_253.txt
O_OF_01-254.jpg,O_OF_01-GT_254.txt
O_OF_01-255.jpg,O_OF_01-GT_255.txt
O_OF_01-256.jpg,O_OF_01-GT_256.txt
O_OF_01-257.jpg,O_OF_01-GT_257.txt
O_OF_01-258.jpg,O_OF_01-GT_258.txt
O_OF_01-259.jpg,O_OF_01-GT_259.txt
O_OF_01-260.jpg,O_OF_01-GT_260.txt
O_OF_01-261.jpg,O_OF_01-GT_261.txt
O_OF_01-262.jpg,O_OF_01-GT_262.txt
O_OF_01-263.jpg,O_OF_01-GT_263.txt
O_OF_01-264.jpg,O_OF_01-GT_264.txt
O_OF_01-265.jpg,O_OF_01-GT_265.txt
O_OF_01-266.jpg,O_OF_01-GT_266.txt
O_OF_01-268.jpg,O_OF_01-GT_268.txt
O_OF_01-269.jpg,O_OF_01-GT_269.txt
O_OF_01-270.jpg,O_OF_01-GT_270.txt
O_OF_01-271.jpg,O_OF_01-GT_271.txt
O_OF_01-272.jpg,O_OF_01-GT_272.txt
O_OF_01-273.jpg,O_OF_01-GT_273.txt
O_OF_01-274.jpg,O_OF_01-GT_274.txt
O_OF_01-275.jpg,O_OF_01-GT_275.txt
O_OF_01-276.jpg,O_OF_01-GT_276.txt
O_OF_01-277.jpg,O_OF_01-GT_277.txt
O_OF_01-278.jpg,O_OF_01-GT_278.txt
O_OF_01-279.jpg,O_OF_01-GT_279.txt
O_OF_01-280.jpg,O_OF_01-GT_280.txt
O_OF_01-281.jpg,O_OF_01-GT_281.txt
O_OF_01-282.jpg,O_OF_01-GT_282.txt
O_OF_01-283.jpg,O_OF_01-GT_283.txt
O_OF_01-284.jpg,O_OF_01-GT_284.txt
O_OF_01-285.jpg,O_OF_01-GT_285.txt
O_OF_01-286.jpg,O_OF_01-GT_286.txt
O_OF_01-287.jpg,O_OF_01-GT_287.txt
O_OF_01-288.jpg,O_OF_01-GT_288.txt
O_OF_01-290.jpg,O_OF_01-GT_290.txt
O_OF_01-291.jpg,O_OF_01-GT_291.txt
O_OF_01-292.jpg,O_OF_01-GT_292.txt
O_OF_01-293.jpg,O_OF_01-GT_293.txt
O_OF_01-294.jpg,O_OF_01-GT_294.txt
O_OF_01-295.jpg,O_OF_01-GT_295.txt
O_OF_01-296.jpg,O_OF_01-GT_296.txt
O_OF_01-298.jpg,O_OF_01-GT_298.txt
O_OF_01-299.jpg,O_OF_01-GT_299.txt
O_OF_01-300.jpg,O_OF_01-GT_300.txt
O_OF_01-301.jpg,O_OF_01-GT_301.txt
O_OF_01-302.jpg,O_OF_01-GT_302.txt
O_OF_01-303.jpg,O_OF_01-GT_303.txt
O_OF_01-304.jpg,O_OF_01-GT_304.txt
O_OF_01-305.jpg,O_OF_01-GT_305.txt
O_OF_01-306.jpg,O_OF_01-GT_306.txt
O_OF_01-307.jpg,O_OF_01-GT_307.txt
O_OF_01-308.jpg,O_OF_01-GT_308.txt
O_OF_01-309.jpg,O_OF_01-GT_309.txt
O_OF_01-311.jpg,O_OF_01-GT_311.txt
O_OF_01-312.jpg,O_OF_01-GT_312.txt
O_OF_01-313.jpg,O_OF_01-GT_313.txt
O_OF_01-314.jpg,O_OF_01-GT_314.txt
O_OF_01-315.jpg,O_OF_01-GT_315.txt
O_OF_01-317.jpg,O_OF_01-GT_317.txt
O_OF_01-319.jpg,O_OF_01-GT_319.txt
O_OF_01-320.jpg,O_OF_01-GT_320.txt
O_OF_01-321.jpg,O_OF_01-GT_321.txt
O_OF_01-322.jpg,O_OF_01-GT_322.txt
O_OF_01-323.jpg,O_OF_01-GT_323.txt
O_OF_01-324.jpg,O_OF_01-GT_324.txt
O_OF_01-325.jpg,O_OF_01-GT_325.txt
O_OF_01-326.jpg,O_OF_01-GT_326.txt
O_OF_01-327.jpg,O_OF_01-GT_327.txt
O_OF_01-329.jpg,O_OF_01-GT_329.txt
O_OF_01-331.jpg,O_OF_01-GT_331.txt
O_OF_01-332.jpg,O_OF_01-GT_332.txt
O_OF_01-333.jpg,O_OF_01-GT_333.txt
O_OF_01-334.jpg,O_OF_01-GT_334.txt
O_OF_01-335.jpg,O_OF_01-GT_335.txt
O_OF_01-336.jpg,O_OF_01-GT_336.txt
O_OF_01-337.jpg,O_OF_01-GT_337.txt
O_OF_01-338.jpg,O_OF_01-GT_338.txt
O_OF_01-339.jpg,O_OF_01-GT_339.txt
O_OF_01-341.jpg,O_OF_01-GT_341.txt
O_OF_01-342.jpg,O_OF_01-GT_342.txt
O_OF_01-343.jpg,O_OF_01-GT_343.txt
O_OF_01-344.jpg,O_OF_01-GT_344.txt
O_OF_01-345.jpg,O_OF_01-GT_345.txt
O_OF_01-346.jpg,O_OF_01-GT_346.txt
O_OF_01-347.jpg,O_OF_01-GT_347.txt
O_OF_01-348.jpg,O_OF_01-GT_348.txt
O_OF_01-349.jpg,O_OF_01-GT_349.txt
O_OF_01-350.jpg,O_OF_01-GT_350.txt
O_OF_01-351.jpg,O_OF_01-GT_351.txt
O_OF_01-352.jpg,O_OF_01-GT_352.txt
O_OF_01-353.jpg,O_OF_01-GT_353.txt
O_OF_01-354.jpg,O_OF_01-GT_354.txt
O_OF_01-355.jpg,O_OF_01-GT_355.txt
O_OF_01-356.jpg,O_OF_01-GT_356.txt
O_OF_01-357.jpg,O_OF_01-GT_357.txt
O_OF_01-361.jpg,O_OF_01-GT_361.txt
O_OF_01-362.jpg,O_OF_01-GT_362.txt
O_OF_01-363.jpg,O_OF_01-GT_363.txt
O_OF_01-364.jpg,O_OF_01-GT_364.txt
O_OF_01-365.jpg,O_OF_01-GT_365.txt
O_OF_01-367.jpg,O_OF_01-GT_367.txt
O_OF_01-368.jpg,O_OF_01-GT_368.txt
O_OF_01-370.jpg,O_OF_01-GT_370.txt
O_OF_01-371.jpg,O_OF_01-GT_371.txt
O_OF_01-372.jpg,O_OF_01-GT_372.txt
O_OF_01-373.jpg,O_OF_01-GT_373.txt
O_OF_01-374.jpg,O_OF_01-GT_374.txt
O_OF_01-377.jpg,O_OF_01-GT_377.txt
O_OF_01-378.jpg,O_OF_01-GT_378.txt
O_OF_01-379.jpg,O_OF_01-GT_379.txt
O_OF_01-380.jpg,O_OF_01-GT_380.txt
O_OF_01-381.jpg,O_OF_01-GT_381.txt
O_OF_01-382.jpg,O_OF_01-GT_382.txt
O_OF_01-383.jpg,O_OF_01-GT_383.txt
O_OF_01-384.jpg,O_OF_01-GT_384.txt
O_OF_01-385.jpg,O_OF_01-GT_385.txt
O_OF_01-386.jpg,O_OF_01-GT_386.txt
O_OF_01-387.jpg,O_OF_01-GT_387.txt
O_OF_01-388.jpg,O_OF_01-GT_388.txt
O_OF_01-389.jpg,O_OF_01-GT_389.txt
O_OF_01-390.jpg,O_OF_01-GT_390.txt
O_OF_01-391.jpg,O_OF_01-GT_391.txt
O_OF_01-392.jpg,O_OF_01-GT_392.txt
O_OF_01-393.jpg,O_OF_01-GT_393.txt
O_OF_01-394.jpg,O_OF_01-GT_394.txt
O_OF_01-395.jpg,O_OF_01-GT_395.txt
O_OF_01-396.jpg,O_OF_01-GT_396.txt
O_OF_01-397.jpg,O_OF_01-GT_397.txt
O_OF_01-399.jpg,O_OF_01-GT_399.txt
O_OF_01-401.jpg,O_OF_01-GT_401.txt
O_OF_01-402.jpg,O_OF_01-GT_402.txt
O_OF_01-403.jpg,O_OF_01-GT_403.txt
O_OF_01-405.jpg,O_OF_01-GT_405.txt
O_OF_01-408.jpg,O_OF_01-GT_408.txt
O_OF_01-409.jpg,O_OF_01-GT_409.txt
O_OF_01-410.jpg,O_OF_01-GT_410.txt
O_OF_01-412.jpg,O_OF_01-GT_412.txt
O_OF_01-413.jpg,O_OF_01-GT_413.txt
O_OF_01-414.jpg,O_OF_01-GT_414.txt
O_OF_01-415.jpg,O_OF_01-GT_415.txt
O_OF_01-416.jpg,O_OF_01-GT_416.txt
O_OF_01-417.jpg,O_OF_01-GT_417.txt
O_OF_01-419.jpg,O_OF_01-GT_419.txt
O_OF_01-420.jpg,O_OF_01-GT_420.txt
O_OF_01-421.jpg,O_OF_01-GT_421.txt
O_OF_01-422.jpg,O_OF_01-GT_422.txt
O_OF_01-423.jpg,O_OF_01-GT_423.txt
O_OF_01-424.jpg,O_OF_01-GT_424.txt
O_OF_01-425.jpg,O_OF_01-GT_425.txt
O_OF_01-426.jpg,O_OF_01-GT_426.txt
O_OF_01-427.jpg,O_OF_01-GT_427.txt
O_OF_01-428.jpg,O_OF_01-GT_428.txt
O_OF_01-429.jpg,O_OF_01-GT_429.txt
O_OF_01-430.jpg,O_OF_01-GT_430.txt
O_OF_01-431.jpg,O_OF_01-GT_431.txt
O_OF_01-432.jpg,O_OF_01-GT_432.txt
O_OF_01-434.jpg,O_OF_01-GT_434.txt
O_OF_01-435.jpg,O_OF_01-GT_435.txt
O_OF_01-436.jpg,O_OF_01-GT_436.txt
O_OF_01-437.jpg,O_OF_01-GT_437.txt
O_OF_01-438.jpg,O_OF_01-GT_438.txt
O_OF_01-439.jpg,O_OF_01-GT_439.txt
O_OF_01-440.jpg,O_OF_01-GT_440.txt
O_OF_01-441.jpg,O_OF_01-GT_441.txt
O_OF_01-442.jpg,O_OF_01-GT_442.txt
O_OF_01-443.jpg,O_OF_01-GT_443.txt
O_OF_01-444.jpg,O_OF_01-GT_444.txt
O_OF_01-445.jpg,O_OF_01-GT_445.txt
O_OF_01-446.jpg,O_OF_01-GT_446.txt
O_OF_01-447.jpg,O_OF_01-GT_447.txt
O_OF_01-448.jpg,O_OF_01-GT_448.txt
O_OF_01-449.jpg,O_OF_01-GT_449.txt
O_OF_01-450.jpg,O_OF_01-GT_450.txt
O_OF_01-451.jpg,O_OF_01-GT_451.txt
O_OF_01-452.jpg,O_OF_01-GT_452.txt
O_OF_01-454.jpg,O_OF_01-GT_454.txt
O_OF_01-455.jpg,O_OF_01-GT_455.txt
O_OF_01-456.jpg,O_OF_01-GT_456.txt
O_OF_01-457.jpg,O_OF_01-GT_457.txt
O_OF_01-458.jpg,O_OF_01-GT_458.txt
O_OF_01-459.jpg,O_OF_01-GT_459.txt
O_OF_01-460.jpg,O_OF_01-GT_460.txt
O_OF_01-461.jpg,O_OF_01-GT_461.txt
O_OF_01-463.jpg,O_OF_01-GT_463.txt
O_OF_01-465.jpg,O_OF_01-GT_465.txt
O_OF_01-466.jpg,O_OF_01-GT_466.txt
O_OF_01-468.jpg,O_OF_01-GT_468.txt
O_OF_01-469.jpg,O_OF_01-GT_469.txt
O_OF_01-470.jpg,O_OF_01-GT_470.txt
O_OF_01-471.jpg,O_OF_01-GT_471.txt
O_OF_01-472.jpg,O_OF_01-GT_472.txt
O_OF_01-473.jpg,O_OF_01-GT_473.txt
O_OF_01-474.jpg,O_OF_01-GT_474.txt
O_OF_01-475.jpg,O_OF_01-GT_475.txt
O_OF_01-476.jpg,O_OF_01-GT_476.txt
O_OF_01-477.jpg,O_OF_01-GT_477.txt
O_OF_01-478.jpg,O_OF_01-GT_478.txt
O_OF_01-480.jpg,O_OF_01-GT_480.txt
O_OF_01-481.jpg,O_OF_01-GT_481.txt
O_OF_01-483.jpg,O_OF_01-GT_483.txt
O_OF_01-484.jpg,O_OF_01-GT_484.txt
O_OF_01-485.jpg,O_OF_01-GT_485.txt
O_OF_01-486.jpg,O_OF_01-GT_486.txt
O_OF_01-487.jpg,O_OF_01-GT_487.txt
O_OF_01-488.jpg,O_OF_01-GT_488.txt
O_OF_01-490.jpg,O_OF_01-GT_490.txt
O_OF_01-492.jpg,O_OF_01-GT_492.txt
O_OF_01-493.jpg,O_OF_01-GT_493.txt
O_OF_01-494.jpg,O_OF_01-GT_494.txt
O_OF_01-495.jpg,O_OF_01-GT_495.txt
O_OF_01-496.jpg,O_OF_01-GT_496.txt
O_OF_01-497.jpg,O_OF_01-GT_497.txt
O_OF_01-499.jpg,O_OF_01-GT_499.txt
O_OF_01-500.jpg,O_OF_01-GT_500.txt
O_OF_01-501.jpg,O_OF_01-GT_501.txt
O_OF_01-502.jpg,O_OF_01-GT_502.txt
O_OF_01-503.jpg,O_OF_01-GT_503.txt
O_OF_01-504.jpg,O_OF_01-GT_504.txt
O_OF_01-505.jpg,O_OF_01-GT_505.txt
O_OF_01-507.jpg,O_OF_01-GT_507.txt
O_OF_01-508.jpg,O_OF_01-GT_508.txt
O_OF_01-510.jpg,O_OF_01-GT_510.txt
O_OF_01-512.jpg,O_OF_01-GT_512.txt
O_OF_01-513.jpg,O_OF_01-GT_513.txt
O_OF_01-514.jpg,O_OF_01-GT_514.txt
O_OF_01-515.jpg,O_OF_01-GT_515.txt
O_OF_01-517.jpg,O_OF_01-GT_517.txt
O_OP_01-000.jpg,O_OP_01-GT_000.txt
O_OP_01-001.jpg,O_OP_01-GT_001.txt
O_OP_01-002.jpg,O_OP_01-GT_002.txt
O_OP_01-003.jpg,O_OP_01-GT_003.txt
O_OP_01-004.jpg,O_OP_01-GT_004.txt
O_OP_01-005.jpg,O_OP_01-GT_005.txt
O_OP_01-006.jpg,O_OP_01-GT_006.txt
O_OP_01-007.jpg,O_OP_01-GT_007.txt
O_OP_01-008.jpg,O_OP_01-GT_008.txt
O_OP_01-009.jpg,O_OP_01-GT_009.txt
O_OP_01-011.jpg,O_OP_01-GT_011.txt
O_OP_01-014.jpg,O_OP_01-GT_014.txt
O_OP_01-036.jpg,O_OP_01-GT_036.txt
O_OP_01-037.jpg,O_OP_01-GT_037.txt
O_OP_01-038.jpg,O_OP_01-GT_038.txt
O_OP_01-039.jpg,O_OP_01-GT_039.txt
O_OP_01-040.jpg,O_OP_01-GT_040.txt
O_OP_01-041.jpg,O_OP_01-GT_041.txt
O_OP_01-042.jpg,O_OP_01-GT_042.txt
O_OP_01-043.jpg,O_OP_01-GT_043.txt
O_OP_01-044.jpg,O_OP_01-GT_044.txt
O_OP_01-046.jpg,O_OP_01-GT_046.txt
O_OP_01-047.jpg,O_OP_01-GT_047.txt
O_OP_01-048.jpg,O_OP_01-GT_048.txt
O_OP_01-049.jpg,O_OP_01-GT_049.txt
O_OP_01-050.jpg,O_OP_01-GT_050.txt
O_OP_01-052.jpg,O_OP_01-GT_052.txt
O_OP_01-053.jpg,O_OP_01-GT_053.txt
O_OP_01-054.jpg,O_OP_01-GT_054.txt
O_OP_01-055.jpg,O_OP_01-GT_055.txt
O_OP_01-056.jpg,O_OP_01-GT_056.txt
O_OP_01-057.jpg,O_OP_01-GT_057.txt
O_OP_01-058.jpg,O_OP_01-GT_058.txt
O_OP_01-059.jpg,O_OP_01-GT_059.txt
O_OP_01-060.jpg,O_OP_01-GT_060.txt
O_OP_01-061.jpg,O_OP_01-GT_061.txt
O_OP_01-062.jpg,O_OP_01-GT_062.txt
O_OP_01-063.jpg,O_OP_01-GT_063.txt
O_OP_01-064.jpg,O_OP_01-GT_064.txt
O_OP_01-065.jpg,O_OP_01-GT_065.txt
O_OP_01-066.jpg,O_OP_01-GT_066.txt
O_OP_01-067.jpg,O_OP_01-GT_067.txt
O_OP_01-068.jpg,O_OP_01-GT_068.txt
O_OP_01-069.jpg,O_OP_01-GT_069.txt
O_OP_01-071.jpg,O_OP_01-GT_071.txt
O_OP_01-072.jpg,O_OP_01-GT_072.txt
O_OP_01-073.jpg,O_OP_01-GT_073.txt
O_OP_01-074.jpg,O_OP_01-GT_074.txt
O_OP_01-075.jpg,O_OP_01-GT_075.txt
O_OP_01-076.jpg,O_OP_01-GT_076.txt
O_OP_01-077.jpg,O_OP_01-GT_077.txt
O_OP_01-078.jpg,O_OP_01-GT_078.txt
O_OP_01-080.jpg,O_OP_01-GT_080.txt
O_OP_01-081.jpg,O_OP_01-GT_081.txt
O_OP_01-082.jpg,O_OP_01-GT_082.txt
O_OP_01-083.jpg,O_OP_01-GT_083.txt
O_OP_01-084.jpg,O_OP_01-GT_084.txt
O_OP_01-085.jpg,O_OP_01-GT_085.txt
O_OP_01-086.jpg,O_OP_01-GT_086.txt
O_OP_01-087.jpg,O_OP_01-GT_087.txt
O_OP_01-088.jpg,O_OP_01-GT_088.txt
O_OP_01-090.jpg,O_OP_01-GT_090.txt
O_OP_01-091.jpg,O_OP_01-GT_091.txt
O_OP_01-092.jpg,O_OP_01-GT_092.txt
O_OP_01-093.jpg,O_OP_01-GT_093.txt
O_OP_01-095.jpg,O_OP_01-GT_095.txt
O_OP_01-096.jpg,O_OP_01-GT_096.txt
O_OP_01-097.jpg,O_OP_01-GT_097.txt
O_OP_01-099.jpg,O_OP_01-GT_099.txt
O_OP_01-100.jpg,O_OP_01-GT_100.txt
O_OP_01-102.jpg,O_OP_01-GT_102.txt
O_OP_01-103.jpg,O_OP_01-GT_103.txt
O_OP_01-104.jpg,O_OP_01-GT_104.txt
O_OP_01-106.jpg,O_OP_01-GT_106.txt
O_OP_01-107.jpg,O_OP_01-GT_107.txt
O_OP_01-108.jpg,O_OP_01-GT_108.txt
O_OP_01-109.jpg,O_OP_01-GT_109.txt
O_OP_01-110.jpg,O_OP_01-GT_110.txt
O_OP_01-111.jpg,O_OP_01-GT_111.txt
O_OP_01-112.jpg,O_OP_01-GT_112.txt
O_OP_01-113.jpg,O_OP_01-GT_113.txt
O_OP_01-114.jpg,O_OP_01-GT_114.txt
O_OP_01-115.jpg,O_OP_01-GT_115.txt
O_OP_01-116.jpg,O_OP_01-GT_116.txt
O_OP_01-118.jpg,O_OP_01-GT_118.txt
O_OP_01-119.jpg,O_OP_01-GT_119.txt
O_OP_01-120.jpg,O_OP_01-GT_120.txt
O_OP_01-121.jpg,O_OP_01-GT_121.txt
O_OP_01-122.jpg,O_OP_01-GT_122.txt
O_OP_01-123.jpg,O_OP_01-GT_123.txt
O_OP_01-124.jpg,O_OP_01-GT_124.txt
O_OP_01-125.jpg,O_OP_01-GT_125.txt
O_OP_01-127.jpg,O_OP_01-GT_127.txt
O_OP_01-129.jpg,O_OP_01-GT_129.txt
O_OP_01-131.jpg,O_OP_01-GT_131.txt
O_OP_01-132.jpg,O_OP_01-GT_132.txt
O_OP_01-133.jpg,O_OP_01-GT_133.txt
O_OP_01-135.jpg,O_OP_01-GT_135.txt
O_OP_01-136.jpg,O_OP_01-GT_136.txt
O_OP_01-137.jpg,O_OP_01-GT_137.txt
O_OP_01-138.jpg,O_OP_01-GT_138.txt
O_OP_01-139.jpg,O_OP_01-GT_139.txt
O_OP_01-140.jpg,O_OP_01-GT_140.txt
O_OP_01-141.jpg,O_OP_01-GT_141.txt
O_OP_01-142.jpg,O_OP_01-GT_142.txt
O_OP_01-143.jpg,O_OP_01-GT_143.txt
O_OP_01-144.jpg,O_OP_01-GT_144.txt
O_OP_01-146.jpg,O_OP_01-GT_146.txt
O_OP_01-148.jpg,O_OP_01-GT_148.txt
O_OP_01-150.jpg,O_OP_01-GT_150.txt
O_OP_01-151.jpg,O_OP_01-GT_151.txt
O_OP_01-153.jpg,O_OP_01-GT_153.txt
O_OP_01-154.jpg,O_OP_01-GT_154.txt
O_OP_01-156.jpg,O_OP_01-GT_156.txt
O_OP_01-157.jpg,O_OP_01-GT_157.txt
O_OP_01-158.jpg,O_OP_01-GT_158.txt
O_OP_01-159.jpg,O_OP_01-GT_159.txt
O_OP_01-160.jpg,O_OP_01-GT_160.txt
O_OP_01-162.jpg,O_OP_01-GT_162.txt
O_OP_01-163.jpg,O_OP_01-GT_163.txt
O_OP_01-164.jpg,O_OP_01-GT_164.txt
O_OP_01-165.jpg,O_OP_01-GT_165.txt
O_OP_01-166.jpg,O_OP_01-GT_166.txt
O_OP_01-167.jpg,O_OP_01-GT_167.txt
O_OP_01-169.jpg,O_OP_01-GT_169.txt
O_OP_01-170.jpg,O_OP_01-GT_170.txt
O_OP_01-171.jpg,O_OP_01-GT_171.txt
O_OP_01-172.jpg,O_OP_01-GT_172.txt
O_OP_01-173.jpg,O_OP_01-GT_173.txt
O_OP_01-174.jpg,O_OP_01-GT_174.txt
O_OP_01-175.jpg,O_OP_01-GT_175.txt
O_OP_01-176.jpg,O_OP_01-GT_176.txt
O_OP_01-178.jpg,O_OP_01-GT_178.txt
O_OP_01-179.jpg,O_OP_01-GT_179.txt
O_OP_01-180.jpg,O_OP_01-GT_180.txt
O_OP_01-181.jpg,O_OP_01-GT_181.txt
O_RA_02-184.jpg,O_RA_02-GT_184.txt
O_RA_02-185.jpg,O_RA_02-GT_185.txt
O_RA_02-186.jpg,O_RA_02-GT_186.txt
O_RA_02-187.jpg,O_RA_02-GT_187.txt
O_RA_02-188.jpg,O_RA_02-GT_188.txt
O_RA_02-189.jpg,O_RA_02-GT_189.txt
O_RA_02-190.jpg,O_RA_02-GT_190.txt
O_RA_02-191.jpg,O_RA_02-GT_191.txt
O_RA_02-192.jpg,O_RA_02-GT_192.txt
O_RA_02-193.jpg,O_RA_02-GT_193.txt
O_RA_02-194.jpg,O_RA_02-GT_194.txt
O_RA_02-196.jpg,O_RA_02-GT_196.txt
O_RA_02-197.jpg,O_RA_02-GT_197.txt
O_RA_02-198.jpg,O_RA_02-GT_198.txt
O_RA_02-203.jpg,O_RA_02-GT_203.txt
O_RA_02-204.jpg,O_RA_02-GT_204.txt
O_RA_02-205.jpg,O_RA_02-GT_205.txt
O_RA_02-206.jpg,O_RA_02-GT_206.txt
O_RA_02-207.jpg,O_RA_02-GT_207.txt
O_RA_02-208.jpg,O_RA_02-GT_208.txt
O_RA_02-209.jpg,O_RA_02-GT_209.txt
O_RA_02-210.jpg,O_RA_02-GT_210.txt
O_RA_02-211.jpg,O_RA_02-GT_211.txt
O_RA_02-212.jpg,O_RA_02-GT_212.txt
O_RA_02-213.jpg,O_RA_02-GT_213.txt
O_RA_02-214.jpg,O_RA_02-GT_214.txt
O_RA_02-215.jpg,O_RA_02-GT_215.txt
O_RA_02-216.jpg,O_RA_02-GT_216.txt
O_RA_02-217.jpg,O_RA_02-GT_217.txt
O_RA_02-218.jpg,O_RA_02-GT_218.txt
O_RA_02-219.jpg,O_RA_02-GT_219.txt
O_RA_02-220.jpg,O_RA_02-GT_220.txt
O_RA_02-221.jpg,O_RA_02-GT_221.txt
O_RA_02-222.jpg,O_RA_02-GT_222.txt
O_RA_02-223.jpg,O_RA_02-GT_223.txt
O_RA_02-224.jpg,O_RA_02-GT_224.txt
O_RA_02-225.jpg,O_RA_02-GT_225.txt
O_RA_02-226.jpg,O_RA_02-GT_226.txt
O_RA_02-227.jpg,O_RA_02-GT_227.txt
O_RA_02-232.jpg,O_RA_02-GT_232.txt
O_RA_02-233.jpg,O_RA_02-GT_233.txt
O_RA_02-234.jpg,O_RA_02-GT_234.txt
O_RA_02-235.jpg,O_RA_02-GT_235.txt
O_RA_02-236.jpg,O_RA_02-GT_236.txt
O_RA_02-237.jpg,O_RA_02-GT_237.txt
O_RA_02-238.jpg,O_RA_02-GT_238.txt
O_RA_02-239.jpg,O_RA_02-GT_239.txt
O_RA_02-240.jpg,O_RA_02-GT_240.txt
O_RA_02-241.jpg,O_RA_02-GT_241.txt
O_RA_02-242.jpg,O_RA_02-GT_242.txt
O_RA_02-243.jpg,O_RA_02-GT_243.txt
O_RA_02-244.jpg,O_RA_02-GT_244.txt
O_RA_02-245.jpg,O_RA_02-GT_245.txt
O_RA_02-246.jpg,O_RA_02-GT_246.txt
O_RA_02-247.jpg,O_RA_02-GT_247.txt
O_RA_02-248.jpg,O_RA_02-GT_248.txt
O_RA_02-249.jpg,O_RA_02-GT_249.txt
O_RA_02-250.jpg,O_RA_02-GT_250.txt
O_RA_02-252.jpg,O_RA_02-GT_252.txt
O_RA_02-253.jpg,O_RA_02-GT_253.txt
O_RA_02-254.jpg,O_RA_02-GT_254.txt
O_RA_02-255.jpg,O_RA_02-GT_255.txt
O_RA_02-256.jpg,O_RA_02-GT_256.txt
O_RA_02-257.jpg,O_RA_02-GT_257.txt
O_RA_02-258.jpg,O_RA_02-GT_258.txt
O_RA_02-277.jpg,O_RA_02-GT_277.txt
O_RA_02-278.jpg,O_RA_02-GT_278.txt
O_RA_02-279.jpg,O_RA_02-GT_279.txt
O_RA_02-280.jpg,O_RA_02-GT_280.txt
O_RA_02-281.jpg,O_RA_02-GT_281.txt
O_RA_02-282.jpg,O_RA_02-GT_282.txt
O_RA_02-283.jpg,O_RA_02-GT_283.txt
O_RA_02-284.jpg,O_RA_02-GT_284.txt
O_RA_02-286.jpg,O_RA_02-GT_286.txt
O_RA_02-289.jpg,O_RA_02-GT_289.txt
O_RA_02-291.jpg,O_RA_02-GT_291.txt
O_RA_02-292.jpg,O_RA_02-GT_292.txt
O_RA_02-293.jpg,O_RA_02-GT_293.txt
O_RA_02-294.jpg,O_RA_02-GT_294.txt
O_SU_01-112.jpg,O_SU_01-GT_112.txt
O_SU_01-113.jpg,O_SU_01-GT_113.txt
O_SU_01-114.jpg,O_SU_01-GT_114.txt
O_SU_01-115.jpg,O_SU_01-GT_115.txt
O_SU_01-116.jpg,O_SU_01-GT_116.txt
O_SU_01-117.jpg,O_SU_01-GT_117.txt
O_SU_01-118.jpg,O_SU_01-GT_118.txt
O_SU_01-119.jpg,O_SU_01-GT_119.txt
O_SU_01-120.jpg,O_SU_01-GT_120.txt
O_SU_01-121.jpg,O_SU_01-GT_121.txt
O_SU_01-122.jpg,O_SU_01-GT_122.txt
O_SU_01-124.jpg,O_SU_01-GT_124.txt
O_SU_01-126.jpg,O_SU_01-GT_126.txt
O_SU_01-127.jpg,O_SU_01-GT_127.txt
O_SU_01-128.jpg,O_SU_01-GT_128.txt
O_SU_01-129.jpg,O_SU_01-GT_129.txt
O_SU_01-130.jpg,O_SU_01-GT_130.txt
O_SU_01-131.jpg,O_SU_01-GT_131.txt
O_SU_01-133.jpg,O_SU_01-GT_133.txt
O_SU_01-134.jpg,O_SU_01-GT_134.txt
O_SU_01-136.jpg,O_SU_01-GT_136.txt
O_SU_01-137.jpg,O_SU_01-GT_137.txt
O_SU_01-138.jpg,O_SU_01-GT_138.txt
O_SU_01-139.jpg,O_SU_01-GT_139.txt
O_SU_01-142.jpg,O_SU_01-GT_142.txt
O_SU_01-143.jpg,O_SU_01-GT_143.txt
O_SU_01-144.jpg,O_SU_01-GT_144.txt
O_SU_01-147.jpg,O_SU_01-GT_147.txt
O_SU_01-148.jpg,O_SU_01-GT_148.txt
O_SU_01-149.jpg,O_SU_01-GT_149.txt
O_SU_01-150.jpg,O_SU_01-GT_150.txt
O_SU_01-151.jpg,O_SU_01-GT_151.txt
O_SU_01-152.jpg,O_SU_01-GT_152.txt
O_SU_01-153.jpg,O_SU_01-GT_153.txt
O_SU_01-154.jpg,O_SU_01-GT_154.txt
O_SU_01-155.jpg,O_SU_01-GT_155.txt
O_SU_01-156.jpg,O_SU_01-GT_156.txt
O_SU_01-157.jpg,O_SU_01-GT_157.txt
O_SU_01-158.jpg,O_SU_01-GT_158.txt
O_SU_01-159.jpg,O_SU_01-GT_159.txt
O_SU_01-160.jpg,O_SU_01-GT_160.txt
O_SU_01-162.jpg,O_SU_01-GT_162.txt
O_SU_01-163.jpg,O_SU_01-GT_163.txt
O_SU_01-164.jpg,O_SU_01-GT_164.txt
O_SU_01-167.jpg,O_SU_01-GT_167.txt
O_SU_01-168.jpg,O_SU_01-GT_168.txt
O_SU_01-169.jpg,O_SU_01-GT_169.txt
O_SU_01-170.jpg,O_SU_01-GT_170.txt
O_SU_01-171.jpg,O_SU_01-GT_171.txt
O_SU_01-172.jpg,O_SU_01-GT_172.txt
O_SU_01-174.jpg,O_SU_01-GT_174.txt
O_SU_01-175.jpg,O_SU_01-GT_175.txt
O_SU_01-176.jpg,O_SU_01-GT_176.txt
O_SU_01-177.jpg,O_SU_01-GT_177.txt
O_SU_01-179.jpg,O_SU_01-GT_179.txt
O_SU_01-180.jpg,O_SU_01-GT_180.txt
O_SU_01-181.jpg,O_SU_01-GT_181.txt
O_SU_01-182.jpg,O_SU_01-GT_182.txt
O_SU_01-183.jpg,O_SU_01-GT_183.txt
O_SU_01-184.jpg,O_SU_01-GT_184.txt
O_SU_01-185.jpg,O_SU_01-GT_185.txt
O_SU_01-186.jpg,O_SU_01-GT_186.txt
O_SU_01-187.jpg,O_SU_01-GT_187.txt
O_SU_01-190.jpg,O_SU_01-GT_190.txt
O_SU_01-191.jpg,O_SU_01-GT_191.txt
O_SU_01-193.jpg,O_SU_01-GT_193.txt
O_SU_01-194.jpg,O_SU_01-GT_194.txt
O_SU_01-195.jpg,O_SU_01-GT_195.txt
O_SU_01-196.jpg,O_SU_01-GT_196.txt
O_SU_01-197.jpg,O_SU_01-GT_197.txt
O_SU_01-198.jpg,O_SU_01-GT_198.txt
O_SU_01-199.jpg,O_SU_01-GT_199.txt
O_SU_01-200.jpg,O_SU_01-GT_200.txt
O_SU_01-201.jpg,O_SU_01-GT_201.txt
O_SU_01-202.jpg,O_SU_01-GT_202.txt
O_SU_01-203.jpg,O_SU_01-GT_203.txt
O_SU_01-204.jpg,O_SU_01-GT_204.txt
O_SU_01-205.jpg,O_SU_01-GT_205.txt
O_SU_01-206.jpg,O_SU_01-GT_206.txt
O_SU_01-207.jpg,O_SU_01-GT_207.txt
O_SU_01-208.jpg,O_SU_01-GT_208.txt
O_SU_01-210.jpg,O_SU_01-GT_210.txt
O_SU_01-211.jpg,O_SU_01-GT_211.txt
O_SU_01-212.jpg,O_SU_01-GT_212.txt
O_SU_01-213.jpg,O_SU_01-GT_213.txt
O_SU_01-214.jpg,O_SU_01-GT_214.txt
O_SU_01-215.jpg,O_SU_01-GT_215.txt
O_SU_01-216.jpg,O_SU_01-GT_216.txt
O_SU_01-217.jpg,O_SU_01-GT_217.txt
O_SU_01-219.jpg,O_SU_01-GT_219.txt
O_SU_01-220.jpg,O_SU_01-GT_220.txt
O_SU_01-221.jpg,O_SU_01-GT_221.txt
O_SU_01-223.jpg,O_SU_01-GT_223.txt
O_SU_01-224.jpg,O_SU_01-GT_224.txt
O_SU_01-225.jpg,O_SU_01-GT_225.txt
O_SU_01-226.jpg,O_SU_01-GT_226.txt
O_SU_01-227.jpg,O_SU_01-GT_227.txt
O_SU_01-228.jpg,O_SU_01-GT_228.txt
O_SU_01-229.jpg,O_SU_01-GT_229.txt
O_SU_01-230.jpg,O_SU_01-GT_230.txt
O_SU_01-231.jpg,O_SU_01-GT_231.txt
O_SU_01-232.jpg,O_SU_01-GT_232.txt
O_SU_01-233.jpg,O_SU_01-GT_233.txt
O_SU_01-235.jpg,O_SU_01-GT_235.txt
O_SU_01-237.jpg,O_SU_01-GT_237.txt
O_SU_01-238.jpg,O_SU_01-GT_238.txt
O_SU_01-239.jpg,O_SU_01-GT_239.txt
O_SU_01-240.jpg,O_SU_01-GT_240.txt
O_SU_01-241.jpg,O_SU_01-GT_241.txt
O_SU_02-079.jpg,O_SU_02-GT_079.txt
O_SU_02-080.jpg,O_SU_02-GT_080.txt
O_SU_02-081.jpg,O_SU_02-GT_081.txt
O_SU_02-082.jpg,O_SU_02-GT_082.txt
O_SU_02-083.jpg,O_SU_02-GT_083.txt
O_SU_02-084.jpg,O_SU_02-GT_084.txt
O_SU_02-085.jpg,O_SU_02-GT_085.txt
O_SU_02-086.jpg,O_SU_02-GT_086.txt
O_SU_02-087.jpg,O_SU_02-GT_087.txt
O_SU_02-088.jpg,O_SU_02-GT_088.txt
O_SU_02-089.jpg,O_SU_02-GT_089.txt
O_SU_02-090.jpg,O_SU_02-GT_090.txt
O_SU_02-091.jpg,O_SU_02-GT_091.txt
O_SU_02-092.jpg,O_SU_02-GT_092.txt
O_SU_02-093.jpg,O_SU_02-GT_093.txt
O_SU_02-094.jpg,O_SU_02-GT_094.txt
O_SU_02-095.jpg,O_SU_02-GT_095.txt
O_SU_02-096.jpg,O_SU_02-GT_096.txt
O_SU_02-097.jpg,O_SU_02-GT_097.txt
O_SU_02-098.jpg,O_SU_02-GT_098.txt
O_SU_02-099.jpg,O_SU_02-GT_099.txt
O_SU_02-100.jpg,O_SU_02-GT_100.txt
O_SU_02-101.jpg,O_SU_02-GT_101.txt
O_SU_02-102.jpg,O_SU_02-GT_102.txt
O_SU_02-103.jpg,O_SU_02-GT_103.txt
O_SU_02-104.jpg,O_SU_02-GT_104.txt
O_SU_02-109.jpg,O_SU_02-GT_109.txt
O_SU_02-110.jpg,O_SU_02-GT_110.txt
O_SU_02-111.jpg,O_SU_02-GT_111.txt
O_SU_02-112.jpg,O_SU_02-GT_112.txt
O_SU_02-113.jpg,O_SU_02-GT_113.txt
O_SU_02-114.jpg,O_SU_02-GT_114.txt
O_SU_02-115.jpg,O_SU_02-GT_115.txt
O_SU_02-117.jpg,O_SU_02-GT_117.txt
O_SU_02-118.jpg,O_SU_02-GT_118.txt
O_SU_02-119.jpg,O_SU_02-GT_119.txt
O_SU_02-120.jpg,O_SU_02-GT_120.txt
O_SU_02-121.jpg,O_SU_02-GT_121.txt
O_SU_02-122.jpg,O_SU_02-GT_122.txt
O_SU_02-123.jpg,O_SU_02-GT_123.txt
O_SU_02-124.jpg,O_SU_02-GT_124.txt
O_SU_02-125.jpg,O_SU_02-GT_125.txt
O_SU_02-126.jpg,O_SU_02-GT_126.txt
O_SU_02-127.jpg,O_SU_02-GT_127.txt
O_SU_02-128.jpg,O_SU_02-GT_128.txt
O_SU_02-129.jpg,O_SU_02-GT_129.txt
O_SU_02-131.jpg,O_SU_02-GT_131.txt
O_SU_02-132.jpg,O_SU_02-GT_132.txt
O_SU_02-133.jpg,O_SU_02-GT_133.txt
O_SU_02-134.jpg,O_SU_02-GT_134.txt
O_SU_02-137.jpg,O_SU_02-GT_137.txt
O_SU_02-139.jpg,O_SU_02-GT_139.txt
O_SU_02-140.jpg,O_SU_02-GT_140.txt
O_SU_02-141.jpg,O_SU_02-GT_141.txt
O_SU_02-143.jpg,O_SU_02-GT_143.txt
O_SU_02-144.jpg,O_SU_02-GT_144.txt
O_SU_02-146.jpg,O_SU_02-GT_146.txt
O_SU_02-147.jpg,O_SU_02-GT_147.txt
O_SU_02-148.jpg,O_SU_02-GT_148.txt
O_SU_02-149.jpg,O_SU_02-GT_149.txt
O_SU_02-150.jpg,O_SU_02-GT_150.txt
O_SU_02-151.jpg,O_SU_02-GT_151.txt
O_SU_02-152.jpg,O_SU_02-GT_152.txt
O_SU_02-153.jpg,O_SU_02-GT_153.txt
O_SU_02-154.jpg,O_SU_02-GT_154.txt
O_SU_02-155.jpg,O_SU_02-GT_155.txt
O_SU_02-156.jpg,O_SU_02-GT_156.txt
O_SU_02-157.jpg,O_SU_02-GT_157.txt
O_SU_02-158.jpg,O_SU_02-GT_158.txt
O_SU_02-159.jpg,O_SU_02-GT_159.txt
O_SU_02-160.jpg,O_SU_02-GT_160.txt
O_SU_02-162.jpg,O_SU_02-GT_162.txt
O_SU_02-164.jpg,O_SU_02-GT_164.txt
O_SU_02-165.jpg,O_SU_02-GT_165.txt
O_SU_02-166.jpg,O_SU_02-GT_166.txt
O_SU_02-168.jpg,O_SU_02-GT_168.txt
O_SU_02-169.jpg,O_SU_02-GT_169.txt
O_SU_02-170.jpg,O_SU_02-GT_170.txt
O_SU_02-171.jpg,O_SU_02-GT_171.txt
O_SU_02-173.jpg,O_SU_02-GT_173.txt
O_SU_02-175.jpg,O_SU_02-GT_175.txt
O_SU_02-176.jpg,O_SU_02-GT_176.txt
O_SU_02-177.jpg,O_SU_02-GT_177.txt
O_SU_02-178.jpg,O_SU_02-GT_178.txt
O_SU_02-179.jpg,O_SU_02-GT_179.txt
O_SU_02-180.jpg,O_SU_02-GT_180.txt
O_SU_02-181.jpg,O_SU_02-GT_181.txt
O_SU_02-182.jpg,O_SU_02-GT_182.txt
O_SU_02-183.jpg,O_SU_02-GT_183.txt
O_SU_02-185.jpg,O_SU_02-GT_185.txt
O_SU_02-186.jpg,O_SU_02-GT_186.txt
O_SU_02-187.jpg,O_SU_02-GT_187.txt
O_SU_02-188.jpg,O_SU_02-GT_188.txt
O_SU_02-189.jpg,O_SU_02-GT_189.txt
O_SU_02-190.jpg,O_SU_02-GT_190.txt
O_SU_02-191.jpg,O_SU_02-GT_191.txt
O_SU_02-192.jpg,O_SU_02-GT_192.txt
O_SU_02-193.jpg,O_SU_02-GT_193.txt
O_SU_02-194.jpg,O_SU_02-GT_194.txt
O_SU_02-195.jpg,O_SU_02-GT_195.txt
O_SU_02-196.jpg,O_SU_02-GT_196.txt
O_SU_02-197.jpg,O_SU_02-GT_197.txt
O_SU_02-199.jpg,O_SU_02-GT_199.txt
O_SU_02-200.jpg,O_SU_02-GT_200.txt
O_SU_02-201.jpg,O_SU_02-GT_201.txt
O_SU_02-202.jpg,O_SU_02-GT_202.txt
O_SU_02-204.jpg,O_SU_02-GT_204.txt
O_SU_02-205.jpg,O_SU_02-GT_205.txt
O_SU_02-206.jpg,O_SU_02-GT_206.txt
O_SU_02-207.jpg,O_SU_02-GT_207.txt
O_SU_02-208.jpg,O_SU_02-GT_208.txt
O_SU_02-210.jpg,O_SU_02-GT_210.txt
O_SU_02-212.jpg,O_SU_02-GT_212.txt
O_SU_02-213.jpg,O_SU_02-GT_213.txt
O_SU_02-215.jpg,O_SU_02-GT_215.txt
O_SU_02-216.jpg,O_SU_02-GT_216.txt
O_SU_02-218.jpg,O_SU_02-GT_218.txt
O_SU_02-219.jpg,O_SU_02-GT_219.txt
O_SU_02-220.jpg,O_SU_02-GT_220.txt
O_SU_02-222.jpg,O_SU_02-GT_222.txt
O_SU_02-223.jpg,O_SU_02-GT_223.txt
O_SU_02-224.jpg,O_SU_02-GT_224.txt
O_SU_02-225.jpg,O_SU_02-GT_225.txt
O_SU_02-226.jpg,O_SU_02-GT_226.txt
O_SU_02-228.jpg,O_SU_02-GT_228.txt
O_SU_02-229.jpg,O_SU_02-GT_229.txt
O_SU_02-230.jpg,O_SU_02-GT_230.txt
O_SU_02-231.jpg,O_SU_02-GT_231.txt
O_SU_02-232.jpg,O_SU_02-GT_232.txt
O_SU_02-236.jpg,O_SU_02-GT_236.txt
O_SU_02-237.jpg,O_SU_02-GT_237.txt
O_SU_02-238.jpg,O_SU_02-GT_238.txt
O_SU_02-239.jpg,O_SU_02-GT_239.txt
O_SU_02-240.jpg,O_SU_02-GT_240.txt
O_SU_02-242.jpg,O_SU_02-GT_242.txt
O_SU_02-244.jpg,O_SU_02-GT_244.txt
O_SU_02-245.jpg,O_SU_02-GT_245.txt
O_SU_02-246.jpg,O_SU_02-GT_246.txt
O_SU_02-247.jpg,O_SU_02-GT_247.txt
O_SU_02-248.jpg,O_SU_02-GT_248.txt
O_SU_02-249.jpg,O_SU_02-GT_249.txt
O_SU_02-250.jpg,O_SU_02-GT_250.txt
O_SU_02-251.jpg,O_SU_02-GT_251.txt
O_SU_02-253.jpg,O_SU_02-GT_253.txt
O_SU_02-254.jpg,O_SU_02-GT_254.txt
O_SU_02-255.jpg,O_SU_02-GT_255.txt
O_SU_02-256.jpg,O_SU_02-GT_256.txt
O_SU_02-259.jpg,O_SU_02-GT_259.txt
O_SU_02-260.jpg,O_SU_02-GT_260.txt
O_SU_02-261.jpg,O_SU_02-GT_261.txt
O_SU_02-262.jpg,O_SU_02-GT_262.txt
O_SU_02-263.jpg,O_SU_02-GT_263.txt
O_SU_02-264.jpg,O_SU_02-GT_264.txt
O_SU_02-265.jpg,O_SU_02-GT_265.txt
O_SU_02-266.jpg,O_SU_02-GT_266.txt
O_SU_02-267.jpg,O_SU_02-GT_267.txt
O_SU_02-268.jpg,O_SU_02-GT_268.txt
O_SU_02-269.jpg,O_SU_02-GT_269.txt
O_SU_02-270.jpg,O_SU_02-GT_270.txt
O_SU_02-271.jpg,O_SU_02-GT_271.txt
O_SU_02-272.jpg,O_SU_02-GT_272.txt
O_SU_02-273.jpg,O_SU_02-GT_273.txt
O_SU_02-274.jpg,O_SU_02-GT_274.txt
O_SU_02-275.jpg,O_SU_02-GT_275.txt
O_SU_02-276.jpg,O_SU_02-GT_276.txt
O_SU_02-277.jpg,O_SU_02-GT_277.txt
O_SU_02-278.jpg,O_SU_02-GT_278.txt
O_SU_02-279.jpg,O_SU_02-GT_279.txt
O_SU_02-280.jpg,O_SU_02-GT_280.txt
O_SU_02-281.jpg,O_SU_02-GT_281.txt
O_SU_02-282.jpg,O_SU_02-GT_282.txt
O_SU_02-283.jpg,O_SU_02-GT_283.txt
O_SU_02-284.jpg,O_SU_02-GT_284.txt
O_SU_02-285.jpg,O_SU_02-GT_285.txt
O_SU_02-287.jpg,O_SU_02-GT_287.txt
O_SU_02-288.jpg,O_SU_02-GT_288.txt
O_SU_02-289.jpg,O_SU_02-GT_289.txt
O_SU_02-290.jpg,O_SU_02-GT_290.txt
O_SU_02-291.jpg,O_SU_02-GT_291.txt
O_SU_02-292.jpg,O_SU_02-GT_292.txt
O_SU_02-293.jpg,O_SU_02-GT_293.txt
O_SU_02-294.jpg,O_SU_02-GT_294.txt
O_SU_02-295.jpg,O_SU_02-GT_295.txt
O_SU_02-296.jpg,O_SU_02-GT_296.txt
O_SU_02-297.jpg,O_SU_02-GT_297.txt
O_SU_02-298.jpg,O_SU_02-GT_298.txt
O_SU_02-299.jpg,O_SU_02-GT_299.txt
O_SU_02-301.jpg,O_SU_02-GT_301.txt
O_SU_02-302.jpg,O_SU_02-GT_302.txt
O_SU_02-305.jpg,O_SU_02-GT_305.txt
O_SU_02-306.jpg,O_SU_02-GT_306.txt
O_SU_02-308.jpg,O_SU_02-GT_308.txt
O_SU_02-309.jpg,O_SU_02-GT_309.txt
O_SU_02-310.jpg,O_SU_02-GT_310.txt
O_SU_02-311.jpg,O_SU_02-GT_311.txt
O_SU_02-312.jpg,O_SU_02-GT_312.txt
O_SU_02-313.jpg,O_SU_02-GT_313.txt
O_SU_02-314.jpg,O_SU_02-GT_314.txt
O_SU_02-316.jpg,O_SU_02-GT_316.txt
O_SU_02-317.jpg,O_SU_02-GT_317.txt
O_SU_02-318.jpg,O_SU_02-GT_318.txt
O_SU_02-319.jpg,O_SU_02-GT_319.txt
O_SU_02-321.jpg,O_SU_02-GT_321.txt
O_SU_02-322.jpg,O_SU_02-GT_322.txt
O_SU_02-323.jpg,O_SU_02-GT_323.txt
O_SU_02-324.jpg,O_SU_02-GT_324.txt
O_SU_02-325.jpg,O_SU_02-GT_325.txt
O_SU_02-327.jpg,O_SU_02-GT_327.txt
O_SU_02-329.jpg,O_SU_02-GT_329.txt
